,0
0,google
1,docs
2,exploit
3,widely
4,exploiting
5,google
6,docs
7,delivers
8,email
9,collaboration
10,avanan
11,exploit
12,google
13,jeremy
14,fuchs
15,marketing
16,manager
17,avanan
18,scanners
19,protections
20,aim
21,email
22,smaller
23,mailgun
24,flipsnack
25,movable
26,ink
27,avanan
28,begins
29,email
30,message
31,relevant
32,business
33,commonly
34,google
35,docs
36,environment
37,shown
38,message
39,claims
40,rules
41,familiar
42,anyone
43,google
44,docs
45,outside
46,organization
47,fuchs
48,familiar
49,google
50,docs
51,redirects
52,steals
53,google
54,clearly
55,affiliated
56,tech
57,giant
58,google
59,heavy
60,lifting
61,done
62,google
63,docs
64,quite
65,fuchs
66,write
67,resembles
68,google
69,docs
70,upload
71,google
72,scanned
73,google
74,renders
75,preview
76,looks
77,typical
78,google
79,docs
80,right
81,uploaded
82,google
83,docs
84,yet
85,integral
86,aspect
87,takes
88,fuchs
89,clever
90,bit
91,rendered
92,manipulating
93,google
94,docs
95,successfully
96,render
97,final
98,deployment
99,must
100,step
101,render
102,recognize
103,selecting
104,publish
105,google
106,docs
107,dropdown
108,menu
109,hitting
110,embed
111,publish
112,google
113,embed
114,tags
115,meant
116,forums
117,render
118,minus
119,iframe
120,tags
121,save
122,intended
123,render
124,intended
125,redirect
126,hyperlink
127,fuchs
128,avanan
129,spoof
130,docusign
131,email
132,google
133,docs
134,docusign
135,transmit
136,entered
137,controlled
138,fuchs
