,0
0,trump
1,biden
2,staffers
3,targeting
4,email
5,trump
6,biden
7,google
8,tag
9,warn
10,apts
11,targeting
12,staffers
13,donald
14,trump
15,joe
16,biden
17,email
18,presidential
19,election
20,away
21,advanced
22,persistent
23,groups
24,targeting
25,staffers
26,donald
27,trump
28,joe
29,biden
30,shane
31,huntley
32,google
33,analysis
34,twitter
35,separate
36,detected
37,china
38,targeting
39,biden
40,staff
41,iran
42,targeting
43,trump
44,google
45,spokesperson
46,confirmed
47,incidents
48,took
49,aim
50,staffers
51,email
52,evidence
53,targeting
54,standard
55,government
56,backed
57,referred
58,federal
59,law
60,enforcement
61,spokesperson
62,encourage
63,staff
64,extra
65,protection
66,email
67,huntley
68,targeting
69,biden
70,staff
71,zirconium
72,reports
73,tied
74,chinese
75,government
76,little
77,huntley
78,pointed
79,charming
80,kitten
81,targeting
82,trump
83,staff
84,iran
85,hacking
86,targeting
87,public
88,figures
89,stole
90,email
91,microsoft
92,took
93,utilized
94,regarding
95,timeline
96,involved
97,email
98,shared
99,google
100,impacts
101,presidential
102,staffers
103,particularly
104,dangerous
105,nov
106,elections
107,draw
108,closer
109,experts
110,history
111,groups
112,targeting
113,political
114,nothing
115,charles
116,ragland
117,engineer
118,digital
119,shadows
120,groups
121,obtain
122,sow
123,discord
124,country
125,traditional
126,collection
127,inform
128,actions
129,communication
130,done
131,online
132,election
133,hot
134,spot
135,tied
136,iran
137,attempted
138,break
139,reelection
140,president
141,trump
142,microsoft
143,center
144,phosphorus
145,mobile
146,increased
147,approach
148,tricking
149,entering
150,cloud
151,political
152,chris
153,hazelton
154,solutions
155,significant
156,mobile
157,political
