,0
0,skirts
1,youtube
2,youtube
3,redirect
4,youtube
5,redirect
6,whitelisted
7,defense
8,mechanisms
9,email
10,youtube
11,redirect
12,skirt
13,traditional
14,defense
15,measures
16,certain
17,blocked
18,commonly
19,redirector
20,redirect
21,redirects
22,previous
23,redirect
24,affecting
25,joomla
26,redirectors
27,evil
28,corp
29,youtube
30,redirect
31,organization
32,youtube
33,linkedin
34,facebook
35,whitelist
36,allowing
37,redirects
38,fuss
39,email
40,originated
41,sharepointonline
42,po
43,feb
44,purported
45,collaborative
46,integrates
47,microsoft
48,office
49,email
50,indicated
51,uploaded
52,target
53,company
54,option
55,hovers
56,mouse
57,seemingly
58,embedded
59,youtube
60,hxxps
61,www
62,youtube
63,redirect
64,sharepointonline
65,ert
66,pw
67,youtube
68,redirect
69,although
70,email
71,illegitimate
72,trained
73,ey
74,curious
75,unsuspecting
76,expecting
77,youtube
78,immediately
79,companyname
80,sharepointonline
81,ert
82,pw
83,final
84,utilize
85,variation
86,sharepointonline
87,ert
88,pw
89,specifically
90,sharepointonline
91,xxx
92,followed
93,variation
94,letters
95,pw
96,quickly
97,namecheap
98,suggests
99,possibility
100,bot
101,automation
102,itself
103,google
104,googleapis
105,certificate
106,verified
107,presumably
108,google
109,helping
110,sneak
111,email
112,gateways
113,segs
114,stressed
115,purports
116,typical
117,microsoft
118,branded
119,email
120,appended
121,automatically
122,populates
123,box
124,controlled
125,entered
126,nothing
127,amiss
128,almost
129,perfect
130,replica
131,main
132,differences
133,box
134,surrounding
135,black
136,white
137,detail
138,banner
139,bottom
140,microsoft
141,copyright
142,showing
143,raise
144,bar
145,tapping
146,panic
147,coronavirus
148,spear
149,email
150,anything
151,taxes
152,estate
153,decoys
154,hiv
155,results
156,convince
157,hand
