,0
0,wp
1,smtp
2,bug
3,reveal
4,admin
5,east
6,wp
7,smpt
8,bug
9,poorly
10,configured
11,opens
12,takeover
13,wp
14,smtp
15,plugin
16,email
17,management
18,installations
19,takeover
20,wp
21,smtp
22,configure
23,outgoing
24,email
25,smtp
26,junk
27,spam
28,folder
29,below
30,flaw
31,debug
32,exposed
33,fundamental
34,error
35,plugin
36,maintains
37,folder
38,gbhackers
39,unauthenticated
40,reset
41,admin
42,enable
43,hacker
44,complete
45,monday
46,posting
47,webinar
48,promo
49,bug
50,bounty
51,register
52,optional
53,debug
54,plugin
55,writes
56,email
57,message
58,headers
59,body
60,located
61,inside
62,plugin
63,installation
64,folder
65,wp
66,plugins
67,wp
68,smtp
69,plugin
70,folder
71,doesn
72,index
73,listing
74,enabled
75,paving
76,username
77,enumeration
78,scan
79,admin
80,perform
81,task
82,achieve
83,scans
84,ask
85,reset
86,admin
87,wp
88,smtp
89,debug
90,copy
91,reset
92,received
93,reset
94,admin
95,logging
96,admin
97,dashboard
98,gives
99,run
100,ability
101,install
102,rogue
103,plugins
104,patch
105,issue
106,problematic
107,plugins
108,plugins
109,convenient
110,avenue
111,welcart
112,commerce
113,plugin
114,opens
115,injection
116,lead
117,skimmers
118,installed
119,crashing
120,retrieval
121,sql
122,injection
123,high-ranking
124,severity
125,vulnerabilities
126,disclosed
127,grid
128,plugin
129,installations
130,opened
131,door
132,takeovers
133,high-ranking
134,severity
135,flaw
136,email
137,subscribers
138,newsletters
139,plugin
140,icegram
141,affect
142,plugin
143,add
144,quizzes
145,surveys
146,patched
147,vulnerabilities
148,flaws
149,exploited
150,unauthenticated
151,varying
152,fully
153,vulnerable
154,newsletter
155,plugin
156,installations
157,pair
158,vulnerabilities
159,lead
160,takeover
161,plugin
162,comments
163,wpdiscuz
164,installed
165,flaw
166,gave
167,unauthenticated
168,ability
169,upload
170,arbitrary
171,ultimately
172,vulnerable
