,0
0,exchange
1,speared
2,icedid
3,write
4,ever
5,evolving
6,email
7,thread
8,hijacking
9,obfuscation
10,advanced
11,evasion
12,ever
13,evolving
14,banking
15,trojan
16,icedid
17,microsoft
18,exchange
19,email
20,stealthy
21,spread
22,modular
23,intezer
24,employs
25,thread
26,hijacking
27,message
28,exchange
29,thus
30,adding
31,extra
32,evasion
33,intent
34,joakim
35,kennedy
36,ryan
37,robinson
38,blog
39,monday
40,icedid
41,spearphishers
42,email
43,reuse
44,email
45,evolved
46,couple
47,dangerous
48,targets
49,organization
50,energy
51,healthcare
52,law
53,pharmaceutical
54,sectors
55,infosec
56,insiders
57,newsletter
58,microsoft
59,exchange
60,email
61,stole
62,shifted
63,knowing
64,moved
65,away
66,office
67,iso
68,lnk
69,dll
70,iso
71,mark
72,resulting
73,infection
74,commonly
75,icedid
76,email
77,protected
78,zip
79,archive
80,macro
81,enabled
82,office
83,executes
84,icedid
85,installer
86,breakdown
87,starts
88,email
89,message
90,protected
91,zip
92,archive
93,email
94,body
95,email
96,extra
97,thread
98,hijacking
99,portion
100,previous
101,thread
102,email
103,inbox
104,approach
105,email
106,transported
107,normal
108,channels
109,majority
110,originating
111,exchange
112,unpatched
113,publicly
114,exposed
115,proxyshell
116,good
117,theory
118,proxyshell
119,rce
120,bug
121,exchange
122,patched
123,throttled
124,unzipped
125,iso
126,zip
127,archive
128,email
129,iso
130,lnk
131,named
132,dll
133,named
134,main
135,prepared
136,relatively
137,previous
138,email
139,double
140,lnk
141,regsvr32
142,dll
143,proxy
144,main
145,dll
146,defense
147,evasion
148,dll
149,loader
150,icedid
151,loader
152,locate
153,stored
154,resource
155,section
156,binary
157,api
158,hashing
159,resulting
160,hash
161,compared
162,hardcoded
163,hash
164,locating
165,findresourcea
166,dynamically
167,fetch
168,ultimate
169,step
170,icedid
171,gziploader
172,decoded
173,placed
174,memory
175,executed
176,gziploader
177,fingerprints
178,machine
179,sends
180,beacon
181,located
182,yourgroceries
183,nefarious
184,evolution
185,ibm
186,icedid
187,trojan
188,targeting
189,banks
190,card
191,providers
192,mobile
193,providers
194,payroll
195,mail
196,commerce
197,evolved
198,storied
199,history
200,clever
201,obfuscation
202,resurfaced
203,covid
204,functionality
205,steganography
206,practice
207,hiding
208,images
209,stealthily
210,infect
211,enhancements
212,evidence
213,evolution
214,signify
215,icedid
216,indeed
217,becoming
218,fear
219,emotet
220,modular
221,began
222,trojan
223,steadily
224,evolved
225,dangerous
226,malwares
227,ever
228,why
229,defense
230,depth
231,necessary
232,saumitra
233,das
234,cto
235,co
236,founder
237,blue
238,hexagon
239,email
240,turn
241,sophistication
242,icedid
243,thorough
244,knowledge
245,contemporary
246,email
247,protections
248,continuously
249,adding
250,grows
251,evolves
252,email
253,reputation
254,senders
255,block
256,email
257,assess
258,email
259,itself
260,das
261,exchange
262,obfuscated
263,formats
264,final
265,demonstrate
266,signature
267,sandboxes
268,deeper
269,concurred
270,chris
271,clements
272,vice
273,president
274,solutions
275,architecture
276,cerberus
277,sentinel
278,email
279,mailboxes
280,understand
281,inter
282,organization
283,relationships
284,operating
285,procedures
286,themselves
287,organization
288,ensure
289,apply
290,patches
291,promptly
292,thoroughly
293,environment
294,historically
295,true
296,patching
297,remains
298,true
299,task
300,easier
301,done
302,clemens
303,acknowledged
304,takes
305,cultural
306,approach
307,plan
308,failures
309,defenses
310,patch
311,management
312,moving
313,cloud
314,discover
315,emerging
316,cloud
317,along
318,solid
319,advice
320,defend
321,assets
322,downloadable
323,ebook
324,cloud
325,forecast
326,explore
327,organization
328,risks
329,challenges
330,practices
331,defense
332,advice
333,success
334,dynamic
335,computing
336,environment
337,handy
338,checklists
