,0
0,android
1,spyware
2,snoops
3,whatsapp
4,telegram
5,message
6,interplanetary
7,storm
8,botnet
9,infects
10,mac
11,android
12,oauth
13,consent
14,ramps
15,microsoft
16,office
17,oauth
18,consent
19,microsoft
20,o365
21,snoop
22,office
23,email
24,ta2552
25,oauth2
26,token
27,authorization
28,office
29,mail
30,oauth
31,standard
32,delegation
33,commonly
34,entering
35,signed
36,status
37,visible
38,google
39,facebook
40,lieu
41,visitors
42,targets
43,receive
44,crafted
45,carries
46,microsoft
47,application
48,consent
49,signed
50,o365
51,office
52,official
53,o365
54,consent
55,prompts
56,grant
57,application
58,catch
59,oauth
60,tokens
61,namecheap
62,cloudflare
63,grant
64,application
65,masquerading
66,organization
67,application
68,aware
69,application
70,application
71,mail
72,snoop
73,silently
74,intercept
75,reset
76,message
77,online
78,banking
79,considerable
80,posting
81,ability
82,perform
83,reconnaissance
84,o365
85,supplies
86,valuable
87,later
88,weaponized
89,business
90,email
91,takeovers
92,minimal
93,requested
94,application
95,inconspicuous
96,organization
97,o365
98,administrator
99,audits
100,connected
101,application
102,application
103,particularly
104,reaching
105,allowing
106,blend
107,benign
108,application
109,consent
110,granted
111,application
112,allowed
113,currently
114,authenticated
115,office
116,consent
117,denied
118,controlled
119,opportunity
120,try
121,authenticated
122,office
123,official
124,office
125,grant
126,organization
127,worldwide
128,received
129,message
130,ta2552
131,favor
132,spanish
133,speakers
134,mexico
135,impersonation
136,servicio
137,de
138,administración
139,tributaria
140,sat
141,mexico
142,tax
143,authority
144,message
145,theme
146,sat
147,email
148,suggests
149,needs
150,presented
151,subjects
152,аcսse
153,dе
154,сіta
155,aсlaracіоոes
156,acknowledgment
157,appointment
158,clarifications
159,ascii
160,characters
161,possibly
162,spam
163,mexican
164,tax
165,government
166,message
167,normal
168,spoofing
169,targets
170,application
171,netflix
172,mexico
173,amazon
174,prime
175,mexico
176,creative
177,harvest
178,ta2552
179,doesn
180,rely
181,traditional
182,dropping
183,o365
184,departure
185,traditional
186,gives
187,aren
188,trained
189,spot
190,inspect
191,application
192,oauth
193,rise
194,microsoft
195,kinds
196,agnieszka
197,girling
198,partner
199,manager
200,microsoft
201,rise
202,consent
203,carry
204,register
205,application
206,oauth
207,microsoft
208,azure
209,application
210,configured
211,seem
212,trustworthy
213,product
214,ecosystem
215,girling
216,gets
217,front
218,done
219,conventional
220,email
221,compromising
222,shown
223,authentic
224,consent
225,prompt
226,grant
227,application
228,accept
229,grant
230,application
231,flagged
232,application
233,gets
234,authorization
235,redeems
236,token
237,refresh
238,token
239,girling
240,token
241,api
242,calls
243,behalf
244,accepts
245,mail
246,forwarding
247,rules
248,notes
249,themselves
250,ensuring
251,whatever
252,application
253,signing
254,apply
255,basic
256,strategies
257,poor
258,spelling
259,grammar
260,email
261,application
262,offer
263,flags
