,0
0,gmail
1,glitch
2,enables
3,anonymous
4,message
5,glitch
6,ux
7,gmail
8,field
9,forged
10,listed
11,email
12,header
13,gmail
14,bug
15,hacker
16,tinker
17,header
18,email
19,ultimately
20,leave
21,display
22,blank
23,rendering
24,email
25,anonymous
26,weaponized
27,purport
28,official
29,warnings
30,message
31,developer
32,tim
33,cotten
34,glitch
35,gmail
36,friday
37,gmail
38,ux
39,field
40,forged
41,aptly
42,dubbed
43,ghost
44,email
45,subsequently
46,pull
47,cotten
48,input
49,email
50,header
51,recipient_email_here
52,paired
53,arbitrary
54,tag
55,object
56,img
57,derivative
58,previous
59,bug
60,serve
61,cotten
62,email
63,blank
64,malformed
65,image
66,front
67,field
68,result
69,email
70,lacking
71,cotten
72,reply
73,message
74,popped
75,reply
76,message
77,show
78,parameter
79,email
80,message
81,reached
82,drop
83,tag
84,email
85,field
86,fuzzing
87,img
88,tag
89,combination
90,quoted
91,alias
92,preceding
93,space
94,base64
95,badly
96,encoded
97,img
98,tag
99,note
100,misspelling
101,cotton
102,header
103,itself
104,preserved
105,parsed
106,google
107,ux
108,handle
109,gmail
110,glitch
111,seem
112,harmless
113,easily
114,harnessed
115,crafting
116,message
117,purporting
118,official
119,warnings
120,message
121,title
122,spoofing
123,ghost
124,email
125,looks
126,completely
127,educated
128,easily
129,suckered
130,compromising
131,cotten
132,cotten
133,bug
134,gmail
135,glitch
136,google
137,company
138,responded
139,nor
140,fixed
141,bug
142,google
143,meanwhile
144,respond
145,matter
