,0
0,targets
1,android
2,application
3,anubis
4,perform
5,keylogging
6,completely
7,hijack
8,mobile
9,attempting
10,sophisticated
11,completely
12,hijack
13,android
14,mobile
15,install
16,keylogger
17,hold
18,ransom
19,mobile
20,inboxes
21,anubis
22,sophisticated
23,trojan
24,originally
25,espionage
26,later
27,repurposed
28,banking
29,trojan
30,targets
31,android
32,application
33,tailored
34,overlay
35,screens
36,capture
37,inputted
38,application
39,message
40,android
41,apk
42,executed
43,google
44,play
45,installation
46,agreeing
47,run
48,unsigned
49,android
50,application
51,targeting
52,give
53,adversaries
54,complete
55,targeting
56,handset
57,involves
58,typical
59,email
60,email
61,blog
62,marcel
63,feller
64,email
65,opened
66,android
67,apk
68,fattura002873
69,apk
70,feller
71,enable
72,google
73,play
74,genuine
75,google
76,play
77,screen
78,gives
79,application
80,needs
81,simultaneously
82,disabling
83,google
84,play
85,anubis
86,reference
87,ancient
88,egyptian
89,god
90,embalming
91,dead
92,depicted
93,jackal
94,mainly
95,scans
96,phones
97,banking
98,application
99,checks
100,marketplace
101,application
102,ebay
103,amazon
104,relevant
105,application
106,anubis
107,overlays
108,application
109,capture
110,installed
111,capabilities
112,capturing
113,screenshots
114,enabling
115,changing
116,administration
117,settings
118,visiting
119,recording
120,audio
121,initiating
122,phone
123,calls
124,anubis
125,completely
126,hijack
127,android
128,mobile
129,record
130,phone
131,calls
132,hold
133,ransom
134,encrypting
135,feller
136,anubis
137,samples
138,wild
139,allegedly
140,arrested
141,leaked
142,anubis
143,turned
144,mobile
145,banking
146,android
147,dubbed
148,gnip
149,affects
150,iterations
151,android
152,operating
153,dating
154,combines
155,nefarious
156,functions
157,keylogging
158,module
159,searches
160,internal
161,external
162,encrypts
163,rc4
164,feller
165,indicate
166,complete
167,range
168,android
169,operating
170,versions
171,impacted
172,primarily
173,puts
174,consumer
175,mobile
176,danger
177,threatens
178,enterprise
179,environments
180,increasing
181,byod
182,policies
183,configured
184,android
185,mobile
186,receive
187,email
188,installation
189,unsigned
190,application
191,keylogger
192,works
193,application
194,installed
195,targeting
196,keylogger
197,infection
198,enabled
199,remotely
200,feller
201,recommends
202,limit
203,installation
204,application
205,application
206,developers
207,official
208,marketplaces
