,0
0,tiny
1,font
2,size
3,fools
4,email
5,font
6,targets
7,microsoft
8,sophisticated
9,obfuscation
10,slip
11,protections
12,harvest
13,business
14,email
15,targeting
16,microsoft
17,range
18,sophisticated
19,obfuscation
20,email
21,fool
22,natural
23,processing
24,undetectable
25,avanan
26,checkpoint
27,company
28,dubbed
29,font
30,hides
31,font
32,size
33,message
34,hiding
35,cascading
36,style
37,sheets
38,css
39,email
40,serves
41,confuse
42,natural
43,microsoft
44,natural
45,processing
46,nlp
47,posted
48,online
49,register
50,live
51,font
52,message
53,coded
54,font
55,tag
56,combination
57,obfuscation
58,destroy
59,effectiveness
60,email
61,depend
62,natural
63,analysis
64,jeremy
65,fuchs
66,avanan
67,breaks
68,semantic
69,analysis
70,leads
71,solutions
72,treat
73,marketing
74,email
75,opposed
76,fuchs
77,natural
78,random
79,readers
80,avanan
81,zerofont
82,microsoft
83,nlp
84,office
85,protections
86,inserted
87,hidden
88,font
89,size
90,message
91,trip
92,email
93,scanners
94,depend
95,natural
96,weed
97,email
98,font
99,targets
100,office
101,organization
102,lead
103,ultimately
104,endanger
105,message
106,aren
107,flagged
108,duped
109,obfuscation
110,sophistication
111,indeed
112,zerofont
113,gotten
114,increasingly
115,sophisticated
116,slip
117,nlp
118,email
119,avanan
120,redirect
121,meta
122,refresh
123,disrupt
124,nlp
125,microsoft
126,safelinks
127,inboxes
128,appearing
129,message
130,font
131,typical
132,social
133,engineering
134,attention
135,present
136,looks
137,expiration
138,notice
139,urgent
140,messaging
141,spur
142,carries
143,entering
144,change
145,cybercriminal
146,demonstrated
147,email
148,combination
149,specifically
150,hidden
151,css
152,slipped
153,font
154,tag
155,sized
156,together
157,confound
158,natural
159,obfuscation
160,invisible
161,flagging
162,message
163,tricky
164,fuchs
165,message
166,slipping
167,recommend
168,organization
169,multi
170,tiered
171,solution
172,combines
173,advanced
174,artificial
175,machine
176,learning
177,static
178,layers
179,reputation
180,architecture
181,relies
182,block
183,email
184,requiring
185,confirm
186,department
187,engaging
188,email
189,change
190,serve
191,mitigate
192,fuchs
193,image
194,courtesy
195,debora
196,cartagena
197,uscdcp
