,0
0,dangles
1,shares
2,spoof
3,crafty
4,slip
5,numerous
6,detections
7,microsoft
8,spoofing
9,microsoft
10,sneakier
11,usual
12,slip
13,usual
14,protections
15,aim
16,fool
17,microsoft
18,microsoft
19,targeting
20,organization
21,microsoft
22,office
23,aspect
24,revealed
25,tweet
26,spoofs
27,display
28,target
29,usernames
30,display
31,mimic
32,try
33,slip
34,email
35,email
36,display
37,message
38,themes
39,tweeted
40,email
41,alerts
42,someone
43,colleague
44,missed
45,authentic
46,business
47,staff
48,reports
49,bonuses
50,price
51,books
52,takes
53,bait
54,eventually
55,directed
56,requires
57,office
58,microsoft
59,given
60,widespread
61,enterprise
62,business
63,collaboration
64,target
65,capability
66,combined
67,spoofing
68,particularly
69,revealing
70,dora
71,tudor
72,enthusiast
73,heimdal
74,email
75,spoofing
76,received
77,email
78,came
79,entity
80,rely
81,safe
82,unfortunately
83,existing
84,email
85,infecting
86,blog
87,signs
88,despite
89,overall
90,craftiness
91,telltale
92,signs
93,amiss
94,microsoft
95,variations
96,referral
97,popularly
98,spoofing
99,typosquatting
100,twitter
101,clues
102,intent
103,lead
104,entering
105,malformed
106,headers
107,primary
108,google
109,resource
110,directs
111,appspot
112,requiring
113,finally
114,serving
115,google
116,office
117,notification
118,settings
119,leads
120,add
121,legitimacy
122,microsoft
123,require
124,move
125,final
126,bypassing
127,sandboxes
128,provided
129,query
130,string
131,github
132,run
133,microsoft
134,defender
135,flag
136,email
137,slipped
138,gateways
