,0
0,buggy
1,cannibalize
2,vulnerabilities
3,skip
4,reuse
5,plagues
6,criminal
7,vulnerable
8,offer
9,entry
10,dog
11,eat
12,dog
13,cybercrime
14,terms
15,perhaps
16,eat
17,situation
18,widely
19,harbor
20,vulnerabilities
21,exploited
22,hijack
23,commandeer
24,freshly
25,worse
26,pivot
27,infiltrate
28,akamai
29,holes
30,installation
31,infiltrate
32,upload
33,sort
34,executable
35,basic
36,vulnerabilities
37,flimsy
38,construction
39,reliance
40,outdated
41,application
42,vulnerabilities
43,larry
44,cashdollar
45,akamai
46,posting
47,adding
48,scan
49,discover
50,vulnerable
51,uploaded
52,joomla
53,blog
54,unfortunately
55,buggy
56,perfect
57,entry
58,hacker
59,unwitting
60,concern
61,situation
62,goes
63,administrators
64,bloggers
65,business
66,owners
67,whose
68,uploaded
69,cashdollar
70,noting
71,bit
72,double
73,jeopardy
74,situation
75,owners
76,trouble
77,inadvertently
78,entire
79,infrastructure
80,twice
81,completely
82,unaware
83,serious
84,represent
85,cashdollar
86,compromising
87,vulnerabilities
88,footholds
89,shell
90,improperly
91,secured
92,ran
93,cron
94,needs
95,whole
96,reuse
97,plagues
98,criminal
99,main
100,problem
101,slapdash
102,constructed
103,akamai
104,looked
105,pre
106,packaged
107,upload
108,vulnerabilities
109,direct
110,result
111,thread
112,usage
113,class
114,uploader
115,ajax_upload_file
116,ajax_remove_file
117,naming
118,conventions
119,cashdollar
120,github
121,repository
122,updated
123,project
124,collection
125,upload
126,scripts
127,themselves
128,copied
129,github
130,pasted
131,lies
132,uploader
133,uploader
134,class
135,upload
136,executable
137,root
138,upload
139,path
140,doesn
141,exist
142,uploader
143,class
144,remove
145,doesn
146,sanitize
147,input
148,allowing
149,traversal
150,enabling
151,delete
152,arbitrary
153,owned
154,httpd
155,cashdollar
156,reuse
157,course
158,normal
159,cybercrime
160,worlds
161,components
162,widely
163,adopted
164,reinvent
165,wheel
166,basic
167,functions
168,difference
169,arena
170,problems
171,usually
172,quickly
173,addressed
174,corrected
175,cashdollar
176,care
177,nor
178,fix
179,vulnerabilities
180,honor
181,thieves
