,0
0,hits
1,german
2,coronavirus
3,task
4,force
5,ppe
6,german
7,task
8,force
9,executives
10,multinational
11,company
12,german
13,task
14,force
15,coronavirus
16,protective
17,gear
18,targeting
19,targeting
20,high-ranking
21,executives
22,german
23,multinational
24,corporation
25,tasked
26,procuring
27,coronavirus
28,medical
29,gear
30,germany
31,company
32,left
33,unnamed
34,task
35,force
36,german
37,government
38,sector
39,procure
40,protective
41,equipment
42,ppe
43,healthcare
44,workers
45,front
46,lines
47,covid
48,face
49,masks
50,medical
51,equipment
52,task
53,force
54,consists
55,company
56,car
57,manufacturer
58,volkswagen
59,pharmaceutical
60,company
61,bayer
62,airline
63,lufthansa
64,chemical
65,basf
66,shipping
67,company
68,dhl
69,foreign
70,markets
71,purchase
72,ppe
73,german
74,ministries
75,perpetrators
76,targeting
77,firms
78,supply
79,partners
80,task
81,force
82,targeting
83,high-ranking
84,ranking
85,executives
86,management
87,procurement
88,roles
89,organization
90,ecosystem
91,claire
92,zaboeva
93,ibm
94,force
95,monday
96,analysis
97,given
98,extensive
99,targeting
100,supply
101,members
102,task
103,force
104,targets
105,requiring
106,increased
107,vigilance
108,task
109,force
110,zaboeva
111,wild
112,copy
113,email
114,email
115,redirect
116,email
117,controlled
118,microsoft
119,inputted
120,exfiltrated
121,email
122,russian
123,email
124,yandex
125,unclear
126,door
127,email
128,collect
129,exfiltrate
130,move
131,laterally
132,purposes
133,ppe
134,tracked
135,russia
136,overall
137,tied
138,base64
139,encoded
140,email
141,belonging
142,targets
143,supply
144,partners
145,email
146,belong
147,target
148,company
149,finance
150,procurement
151,executives
152,belong
153,executives
154,partners
155,european
156,american
157,company
158,chemical
159,manufacturing
160,aviation
161,transport
162,medical
163,pharmaceutical
164,manufacturing
165,finance
166,oil
167,gas
168,communications
169,company
170,targeting
171,worldwide
172,zaboeva
173,analysis
174,intended
175,international
176,company
177,procurement
178,along
179,partner
180,environments
181,devoted
182,government
183,led
184,purchasing
185,logistics
186,structure
187,notified
188,cert
189,bund
190,operates
191,germany
192,national
193,situation
194,centre
195,organization
196,worldwide
197,ramp
198,ppe
199,production
200,medical
201,professionals
202,front
203,lines
204,coronavirus
205,emerging
206,high-ranking
207,value
208,target
209,whose
210,reliance
211,enable
212,business
213,practices
214,provides
215,fbi
216,efforts
217,procure
218,ppe
219,equipment
220,ventilators
221,business
222,email
223,scam
224,defrauding
225,seeking
226,supplies
