,0
0,uc
1,san
2,diego
3,tied
4,becky
5,bracken
6,employee
7,email
8,takeover
9,exposed
10,medical
11,students
12,patients
13,authorities
14,california
15,san
16,diego
17,led
18,major
19,allowed
20,patient
21,student
22,employee
23,notice
24,ucsd
25,explains
26,occurred
27,dec
28,exposed
29,birth
30,email
31,social
32,cost
33,medical
34,ucsd
35,matter
36,referred
37,federal
38,bureau
39,investigation
40,analyzing
41,email
42,notice
43,uc
44,san
45,diego
46,moving
47,quickly
48,care
49,accurate
50,impacted
51,aware
52,email
53,subset
54,patient
55,student
56,employee
57,community
58,review
59,complete
60,dangers
61,investigation
62,ucsd
63,whose
64,exposed
65,offer
66,identity
67,theft
68,protection
69,experts
70,risks
71,loss
72,impact
73,fraudsters
74,medical
75,records
76,lab
77,results
78,social
79,government
80,identification
81,impersonate
82,patients
83,commit
84,insurance
85,seek
86,covered
87,medical
88,care
89,refill
90,unauthorized
91,prescriptions
92,robert
93,prigge
94,ceo
95,jumio
96,exposed
97,circulating
98,dark
99,high-ranking
100,value
101,records
102,electronic
103,database
104,james
105,carder
106,cso
107,logrhythm
108,sinister
109,identity
110,theft
111,face
112,extortion
113,threatening
114,disclose
115,medical
116,diagnosis
117,images
118,payments
119,carder
120,additionally
121,conceivable
122,medical
123,diagnosis
124,prescription
125,high-ranking
126,patients
127,nation
128,states
129,terrorist
130,groups
131,physical
132,harm
133,healthcare
134,diagnosis
135,weak
136,despite
137,rising
138,care
139,sector
140,throughout
141,covid
142,pandemic
143,medical
144,hasn
145,kept
146,apace
147,anurag
148,kahol
149,cto
150,cofounder
151,bitglass
152,kahol
153,points
154,healthcare
155,breaches
156,spiked
157,amounts
158,phi
159,healthcare
160,institutions
161,store
162,sector
163,whole
164,must
165,vigilant
166,approach
167,kahol
168,organization
169,must
170,framework
171,ensure
172,granularly
173,additionally
174,deploying
175,multi
176,faceted
177,loss
178,prevention
179,dlp
180,multi
181,mfa
182,entity
183,behavior
184,analytics
185,ueba
186,visibility
187,entire
188,regardless
189,approach
190,evident
191,healthcare
192,organization
193,better
194,basic
195,firewall
196,employee
197,training
198,cloudian
199,organization
200,fell
201,conducted
202,employee
203,training
204,alicia
205,townsend
206,evangelist
207,onelogin
208,pointed
209,ucsd
210,public
211,notification
212,suggested
213,basic
214,training
215,lacking
216,uc
217,san
218,diego
219,stated
220,steps
221,enhance
222,processes
223,procedures
224,townsend
225,admit
226,community
227,remain
228,alert
229,stated
230,needs
231,stated
232,healthcare
233,institutions
234,must
235,implement
236,training
237,everyone
238,needs
239,educated
240,spot
241,keep
242,importance
243,factors
244,suspect
