,0
0,spear
1,spoofs
2,ee
3,target
4,executives
5,spear
6,email
7,purporting
8,telecom
9,giant
10,ee
11,execs
12,warn
13,spear
14,mimicking
15,telecommunications
16,company
17,ee
18,snatch
19,executives
20,targeting
21,email
22,executives
23,leading
24,purporting
25,british
26,ee
27,largest
28,mobile
29,operators
30,uk
31,sloppy
32,flags
33,eagle
34,eyed
35,pick
36,ssl
37,certificates
38,targeting
39,exploiting
40,telecommunications
41,brands
42,nothing
43,email
44,undetected
45,email
46,gateways
47,leading
48,theft
49,prized
50,monday
51,analysis
52,email
53,bear
54,line
55,reading
56,bill
57,error
58,purchased
59,moniquemoll
60,nl
61,therein
62,lies
63,flag
64,ee
65,trademarked
66,email
67,spear
68,flag
69,email
70,remains
71,strangely
72,vague
73,saying
74,fixed
75,step
76,indicate
77,error
78,incorrect
79,office
80,bottom
81,email
82,email
83,tells
84,ee
85,offers
86,hyperlink
87,states
88,billing
89,sure
90,correct
91,entice
92,protocol
93,displayed
94,green
95,padlock
96,utilized
97,gives
98,false
99,hope
100,traffic
101,therefore
102,safe
103,traffic
104,mean
105,went
106,step
107,obtaining
108,ssl
109,certificates
110,add
111,air
112,legitimacy
113,easier
114,owners
115,fraudsters
116,obtain
117,certificates
118,ee
119,formerly
120,everything
121,everywhere
122,requesting
123,peculiar
124,aspect
125,message
126,charged
127,reassure
128,providing
129,spear
130,ee
131,automatically
132,ee
133,suspicion
134,session
135,timed
136,mistyped
137,live
138,monday
139,target
140,online
141,particularly
142,troves
143,workers
144,targeting
145,widespread
146,spear
147,adult
148,dating
149,continued
150,capitalize
151,fears
152,surrounding
153,spread
154,covid
155,virus
156,surge
157,spoofing
158,effectively
159,microsoft
160,office
161,advanced
162,protections
163,atps
