,0
0,callback
1,impersonates
2,firms
3,mobile
4,poll
5,write
6,instructed
7,phone
8,direct
9,downloading
10,callback
11,prominent
12,company
13,try
14,phone
15,instruct
16,crowdstrike
17,crowdstrike
18,company
19,firms
20,impersonated
21,blog
22,employs
23,typical
24,email
25,aiming
26,fool
27,replying
28,urgency
29,implying
30,company
31,breached
32,insisting
33,phone
34,message
35,targeting
36,calls
37,reach
38,someone
39,directs
40,intent
41,infosec
42,insiders
43,newsletter
44,historically
45,callback
46,operators
47,persuade
48,install
49,commercial
50,foothold
51,likened
52,dubbed
53,bazarcall
54,wizard
55,spider
56,try
57,spur
58,phone
59,opt
60,renewing
61,online
62,purportedly
63,currently
64,sophos
65,friendly
66,side
67,give
68,soon
69,supposedly
70,unsubscribe
71,led
72,crowdstrike
73,callback
74,install
75,aterarmm
76,followed
77,cobalt
78,strike
79,assist
80,lateral
81,movement
82,deploy
83,crowdstrike
84,partner
85,specify
86,company
87,impersonated
88,blog
89,screenshot
90,email
91,crowdstrike
92,company
93,logo
94,specifically
95,email
96,informs
97,target
98,coming
99,company
100,outsourced
101,vendor
102,abnormal
103,detected
104,segment
105,workstation
106,message
107,claims
108,department
109,notified
110,participation
111,required
112,perform
113,audit
114,individual
115,workstation
116,crowdstrike
117,email
118,instructs
119,provided
120,done
121,occurs
122,though
123,identify
124,high-ranking
125,likelihood
126,administration
127,rats
128,shelf
129,penetration
130,testing
131,lateral
132,movement
133,deployment
134,extortion
135,spread
136,assessed
137,moderate
138,confidence
139,callback
140,operators
141,monetize
142,bazarcall
143,eventually
144,lead
145,conti
146,callback
147,entities
148,higher
149,success
150,given
151,urgent
152,nature
153,breaches
154,stressed
155,crowdstrike
156,urged
157,receiving
158,email
159,forward
160,email
161,csirt
162,crowdstrike
163,assurance
164,particularly
165,becoming
166,adept
167,social
168,engineering
169,perfectly
170,unsuspecting
171,targets
172,professional
173,facets
174,training
175,educating
176,beforehand
177,contacted
178,actions
179,chris
180,clements
181,vice
182,president
183,solutions
184,architecture
185,company
186,cerberus
187,sentinel
188,email
189,understand
190,contacted
191,internal
192,external
193,departments
194,goes
195,beyond
