,0
0,microsoft
1,google
2,clouds
3,hijacked
4,gobs
5,becky
6,bracken
7,message
8,likes
9,office
10,azure
11,onedrive
12,suite
13,firebase
14,q1
15,cashing
16,rapid
17,shift
18,cloud
19,business
20,pandemic
21,hiding
22,ubiquitous
23,microsoft
24,google
25,email
26,scam
27,legit
28,alone
29,email
30,microsoft
31,staggering
32,google
33,infrastructure
34,adding
35,office
36,azure
37,onedrive
38,suite
39,firebase
40,email
41,message
42,volume
43,cloud
44,exceeded
45,botnet
46,reputation
47,outlook
48,increases
49,difficulty
50,defenders
51,issued
52,authenticity
53,perception
54,essential
55,email
56,regained
57,status
58,increasingly
59,supply
60,partner
61,ecosystem
62,siphon
63,funds
64,breaching
65,sprawling
66,organization
67,targeting
68,cloud
69,additionally
70,organization
71,experienced
72,manipulation
73,email
74,forwarding
75,oauth
76,easily
77,move
78,range
79,email
80,provided
81,examples
82,hiding
83,microsoft
84,google
85,attempted
86,scam
87,delivering
88,message
89,microsoft
90,purported
91,outlining
92,covid
93,guidelines
94,message
95,transportation
96,manufacturing
97,business
98,sectors
99,provided
100,attempted
101,onmicrosoft
102,video
103,conferencing
104,email
105,delivered
106,gmail
107,starting
108,delivered
109,benefits
110,message
111,along
112,microsoft
113,excel
114,macros
115,enabled
116,delivered
117,banking
118,trojan
119,gmail
120,tries
121,induce
122,zipped
123,ms
124,entering
125,opened
126,macros
127,enabled
128,delivered
129,xorist
130,gmail
131,microsoft
132,lend
133,patina
134,legitimacy
135,email
136,wider
137,generating
138,increasingly
139,tail
140,flagged
141,office
142,theme
143,gateways
144,clearly
145,demonstrates
146,microsoft
147,google
148,infrastructure
149,disseminate
150,message
151,target
152,cloud
153,collaboration
154,coupled
155,heightened
156,supply
157,cloud
158,advanced
159,centric
160,email
161,protection
162,must
163,remain
164,priority
165,leaders
