,0
0,doj
1,charges
2,rhode
3,island
4,woman
5,scheme
6,politicians
7,diana
8,lebeau
9,allegedly
10,tried
11,candidates
12,public
13,office
14,associates
15,microsoft
16,department
17,justice
18,doj
19,charged
20,woman
21,rhode
22,island
23,candidates
24,political
25,office
26,associates
27,impersonated
28,workers
29,microsoft
30,providing
31,attorney
32,office
33,district
34,massachusetts
35,charged
36,diana
37,lebeau
38,cranston
39,attempted
40,unauthorized
41,protected
42,press
43,release
44,doj
45,charge
46,relates
47,lebeau
48,allegedly
49,mounted
50,beginning
51,staffers
52,unnamed
53,candidate
54,political
55,office
56,political
57,candidate
58,associates
59,doj
60,assistant
61,attorney
62,seth
63,kosto
64,prosecuting
65,came
66,phases
67,targets
68,lebeau
69,allegedly
70,typical
71,identity
72,associates
73,try
74,complying
75,message
76,authorities
77,impersonated
78,candidates
79,phase
80,phase
81,sets
82,email
83,claimed
84,managers
85,co
86,chairs
87,spreadsheet
88,connected
89,google
90,solicited
91,doj
92,lebeau
93,allegedly
94,targeting
95,candidate
96,spouse
97,co
98,workers
99,message
100,appeared
101,microsoft
102,employee
103,workplace
104,desk
105,email
106,requested
107,computers
108,adding
109,spreadsheets
110,mimicked
111,appearance
112,employer
113,doj
114,phase
115,came
116,later
117,lebeau
118,allegedly
119,email
120,targeting
121,candidate
122,political
123,office
124,claimed
125,candidate
126,cable
127,email
128,false
129,ostensibly
130,purpose
131,addressing
132,issue
133,candidate
134,required
135,lebeau
136,impersonated
137,candidate
138,online
139,chats
140,cable
141,reset
142,obtain
143,candidate
144,doj
145,lenient
146,lebeau
147,faces
148,sentence
149,prison
150,supervised
151,release
152,fine
153,forfeiture
154,charge
155,takes
156,lebeau
157,act
158,political
159,motive
160,benefit
161,foreign
162,government
163,instrumentality
164,agent
165,doj
166,expert
167,criticized
168,leniency
169,charge
170,sentence
171,suggesting
172,seriously
173,foreign
174,entity
175,unexpected
176,outcome
177,charging
178,indicate
179,lebeau
180,acted
181,political
182,motives
183,foreign
184,government
185,instrumentality
186,agent
187,saryu
188,nayyar
189,ceo
190,analytics
191,gurucul
192,email
193,motive
194,subjects
195,care
196,politically
197,motivated
198,albeit
199,domestic
200,nayyar
201,suggested
202,given
203,toxicity
204,drastic
205,polarization
206,political
207,climate
208,states
209,extreme
210,views
211,extreme
212,lebeau
213,motives
214,lightly
215,woman
216,motive
217,inquiring
218,minds
