,0
0,adult
1,dating
2,spear
3,adult
4,dating
5,spear
6,email
7,spreading
8,hupigon
9,adult
10,dating
11,almost
12,college
13,email
14,targeting
15,widespread
16,spear
17,adult
18,dating
19,reality
20,email
21,spread
22,hupigon
23,trojan
24,sponsored
25,spear
26,message
27,almost
28,email
29,focused
30,education
31,space
32,unnamed
33,colleges
34,bulk
35,message
36,email
37,mostly
38,email
39,adult
40,dating
41,pictures
42,women
43,requesting
44,choose
45,connect
46,picture
47,executable
48,begins
49,named
50,sex_live1
51,installs
52,hupigon
53,onto
54,hupigon
55,exfiltration
56,features
57,capabilities
58,utilized
59,advanced
60,persistent
61,gives
62,rootkit
63,functionality
64,webcam
65,monitoring
66,capabilities
67,ability
68,keystrokes
69,spear
70,repurposed
71,nearly
72,old
73,sponsored
74,crimeware
75,motivated
76,analysis
77,associates
78,hupigon
79,historic
80,builder
81,reporting
82,reports
83,behaviors
84,remain
85,scant
86,dns
87,eth
88,ceo
89,located
90,communication
91,gogominer
92,space
93,reached
94,evidence
95,whether
96,groups
97,adult
98,dating
99,colleges
100,face
101,unprecedented
102,issues
103,having
104,students
105,home
106,courses
107,online
108,coronavirus
109,pandemic
110,targeting
111,healthcare
112,education
113,targeting
114,canadian
115,medical
116,schools
117,zoom
118,bombing
119,hijack
120,online
121,classes
122,zoom
123,spew
124,hateful
125,message
126,videos
127,targeting
128,pandemic
129,forced
130,move
131,coursework
132,online
133,involving
134,targeting
135,australia
136,canada
137,hong
138,kong
139,switzerland
140,kingdom
141,states
142,bent
143,lifting
144,students
145,heading
146,school
147,iranian
148,cyberattackers
149,collectively
150,cobalt
151,dickens
152,silent
153,librarian
