,0
0,feds
1,shut
2,covid
3,vaccine
4,freevaccinecovax
5,org
6,claimed
7,biotech
8,company
9,info
10,visitors
11,nefarious
12,purposes
13,federal
14,law
15,enforcement
16,maryland
17,shut
18,targeting
19,immigrant
20,communities
21,claimed
22,company
23,developing
24,covid
25,vaccine
26,purpose
27,future
28,cybercriminal
29,attorney
30,office
31,district
32,maryland
33,homeland
34,investigations
35,hsi
36,baltimore
37,seized
38,freevaccinecovax
39,org
40,purported
41,biotechnology
42,company
43,developing
44,vaccine
45,covid
46,virus
47,release
48,office
49,posted
50,collecting
51,visited
52,nefarious
53,purposes
54,deployment
55,trademarked
56,logos
57,pfizer
58,organization
59,nations
60,high-ranking
61,commissioner
62,refugees
63,unhcr
64,home
65,dupe
66,visitors
67,thinking
68,release
69,collected
70,visitor
71,drop
72,menu
73,select
74,city
75,apply
76,downloading
77,pdf
78,computers
79,pdf
80,offered
81,written
82,cyrillic
83,suggesting
84,fraudsters
85,targeting
86,immigrant
87,communities
88,former
89,soviet
90,countries
91,belarus
92,khazakstan
93,russia
94,turkmenistan
95,ukraine
96,cyrillic
97,native
98,languages
99,analysis
100,conducted
101,hsi
102,indicated
103,located
104,strasbourg
105,france
106,registrant
107,country
108,listed
109,russia
110,scary
111,thought
112,hsi
113,wants
114,public
115,understand
116,guy
117,needs
118,defraud
119,americans
120,search
121,covd
122,ability
123,combined
124,intent
125,james
126,mancuso
127,special
128,agent
129,charge
130,hsi
131,baltimore
132,field
133,office
134,must
135,perpetrators
136,deter
137,committing
138,crimes
139,unsuspecting
140,vulnerable
141,greets
142,message
143,seized
144,federal
145,government
146,redirects
147,seizing
148,parties
149,commit
150,crimes
151,feds
152,itself
153,illustrate
154,useful
155,covid
156,pandemic
157,cash
158,misery
159,eric
160,howes
161,principal
162,lab
163,knowbe4
164,email
165,bogus
166,vaccine
167,offers
168,wide
169,range
170,social
171,engineering
172,schemes
173,offers
174,vaccine
175,supplies
176,bogus
177,investment
178,schemes
179,covid
180,gift
181,keeps
182,artists
183,covid
184,vax
185,attracts
186,crooks
187,indeed
188,news
189,vaccines
190,covid
191,extensively
192,focused
193,plans
194,vaccines
195,espionage
196,aiming
197,benefit
198,financially
199,vaccine
200,acknowledged
201,acting
202,attorney
203,jonathan
204,lenzner
205,seizure
206,ninth
207,shut
208,seeking
209,illegally
210,profit
211,covid
212,pandemic
213,indeed
214,vaccine
215,rollout
216,scam
217,sophisticated
218,zebrocy
219,widespread
220,attention
221,distribution
222,vaccines
223,seizure
224,drop
225,bucket
226,howes
227,authorities
228,lauded
229,shutting
230,wonders
231,pushing
232,schemes
233,dozens
234,moreover
235,parties
236,lenzner
237,federal
238,government
239,aggressively
240,prosecute
241,fraudsters
242,aim
243,prey
244,misunderstanding
245,vaccine
246,distributed
247,misconceptions
248,present
249,immigrant
250,communities
251,inherent
252,understanding
253,medical
254,rollout
255,vaccine
256,members
257,public
258,unsolicited
259,email
260,remember
261,covid
262,vaccine
263,sale
264,press
