,0
0,enlist
1,amazon
2,aws
3,microsoft
4,azure
5,ploys
6,amazon
7,public
8,cloud
9,aws
10,enterprise
11,class
12,public
13,cloud
14,nascent
15,meant
16,throw
17,defenders
18,boosting
19,anti
20,efforts
21,amazon
22,nascent
23,towards
24,public
25,cloud
26,layering
27,obfuscation
28,multibyte
29,xor
30,encoding
31,analysis
32,phishers
33,consumer
34,cloud
35,social
36,networking
37,commerce
38,posting
39,graduated
40,consumer
41,cloud
42,google
43,dropbox
44,enterprise
45,class
46,public
47,cloud
48,providers
49,aws
50,microsoft
51,azure
52,encoding
53,late
54,targeting
55,kicked
56,branding
57,email
58,formatting
59,docusign
60,email
61,target
62,electronically
63,visitor
64,enters
65,docusign
66,lookalike
67,webmail
68,indicated
69,try
70,docusign
71,vertical
72,targeting
73,organization
74,visually
75,fairly
76,standard
77,purporting
78,shared
79,docusign
80,convincingly
81,resembles
82,docusign
83,branding
84,overall
85,format
86,template
87,commonly
88,amazon
89,s3
90,continuation
91,adversaries
92,growing
93,public
94,cloud
95,buckets
96,documented
97,abusing
98,microsoft
99,azure
100,blob
101,encoding
102,analysis
103,layers
104,array
105,hex
106,encoded
107,strings
108,decoded
109,ciphertext
110,strings
111,eval
112,decode
113,encoded
114,blob
115,encoding
116,variable
117,change
118,deployment
119,decoded
120,becomes
121,clear
122,pulls
123,tls
124,certificates
125,let
126,encrypt
127,trace
128,phasephaser
129,yandex
130,engaging
131,aws
132,low
133,volume
134,throughout
135,aws
136,utilized
137,let
138,encrypt
139,tls
140,certificates
141,russian
142,registration
143,aws
144,period
145,cases
146,public
147,cloud
148,infrastructure
149,enterprise
150,cloud
151,fledgling
152,amazon
153,responsive
154,vigilant
155,abusive
156,defenders
157,aware
158,cloud
159,growing
