,0
0,email
1,hijacking
2,push
3,email
4,hijacking
5,compromising
6,email
7,purdue
8,oxford
9,dmarc
10,spf
11,hijacking
12,email
13,dozen
14,purdue
15,oxford
16,stanford
17,handing
18,email
19,installing
20,dave
21,bagget
22,ceo
23,co
24,founder
25,inky
26,indication
27,speculated
28,fell
29,scheme
30,bagget
31,continued
32,email
33,student
34,change
35,originally
36,assigned
37,friend
38,friends
39,inky
40,professor
41,give
42,student
43,project
44,change
45,project
46,done
47,tapping
48,carelessly
49,handled
50,change
51,themselves
52,locking
53,owner
54,email
55,highest
56,email
57,detected
58,came
59,purdue
60,jan
61,sept
62,email
63,hijack
64,hijacked
65,email
66,credit
67,inky
68,purdue
69,oxford
70,email
71,detected
72,hunter
73,college
74,worcester
75,polytechnic
76,institute
77,utilized
78,email
79,received
80,message
81,stanford
82,purporting
83,microsoft
84,message
85,tells
86,status
87,quarantined
88,message
89,email
90,offered
91,quarantined
92,message
93,led
94,microsoft
95,outlook
96,initiate
97,infection
98,flag
99,email
100,yet
101,email
102,purports
103,microsoft
104,email
105,hijack
106,credit
107,inky
108,gives
109,leg
110,incident
111,header
112,email
113,confirms
114,email
115,originated
116,stanford
117,allowing
118,pass
119,policy
120,framework
121,spf
122,filtering
123,spf
124,email
125,aims
126,prevent
127,forgery
128,spf
129,commercial
130,organization
131,policy
132,accepting
133,email
134,stanford
135,search
136,engine
137,results
138,confirm
139,email
140,corresponds
141,student
142,faculty
143,member
144,staffer
145,publication
146,utilize
147,email
148,target
149,unearthed
150,email
151,oxford
152,purdue
153,telling
154,missed
155,linking
156,purports
157,voicemail
158,incident
159,oxford
160,improperly
161,configured
162,mail
163,transfer
164,protocol
165,smtp
166,communication
167,protocol
168,electronic
169,mail
170,transmission
171,claimed
172,abuse
173,cause
174,automatically
175,generate
176,email
177,email
178,email
179,hijack
180,credit
181,inky
182,oxford
183,mail
184,relay
185,email
186,passed
187,spf
188,dmarc
189,oxford
190,prevent
191,abuse
192,smtp
193,must
194,configured
195,accept
196,forward
197,email
198,local
199,local
200,mailboxes
201,unauthenticated
202,authorized
203,reached
204,oxford
205,incident
206,plagued
207,higher
208,education
209,sector
210,silent
211,librarian
212,actively
213,targeting
214,students
215,faculty
216,spear
217,eponymous
218,ta407
219,cobalt
220,dickens
221,operates
222,iran
223,prowl
224,start
225,school
226,launching
227,low
228,volume
229,targeting
230,socially
231,engineered
232,email
233,eventually
234,handing
235,bagget
236,proliferation
237,covid
238,pandemic
239,moving
240,classes
241,upped
242,game
243,cyberattacks
244,higher
245,ed
246,sector
247,detect
248,summer
249,hijacked
250,increased
251,pandemic
252,lockdowns
253,bagget
254,distinct
255,schools
256,targeting
257,increased
258,pandemic
