,0
0,delivers
1,nasty
2,theft
3,punch
4,delivers
5,nasty
6,theft
7,punch
8,spate
9,email
10,gandcrab
11,ursnif
12,executable
13,array
14,email
15,harboring
16,embedded
17,macros
18,infecting
19,deadly
20,duo
21,carbon
22,black
23,lethal
24,combination
25,harvests
26,gathers
27,encrypts
28,extort
29,payments
30,originally
31,came
32,email
33,embedded
34,macros
35,macro
36,encoded
37,powershell
38,series
39,ursnif
40,strain
41,gandcrab
42,begun
43,targeting
44,dec
45,carbon
46,black
47,couple
48,pockets
49,seeing
50,payloads
51,posted
52,pastebin
53,almost
54,identical
55,payloads
56,extracted
57,analysis
58,samples
59,jared
60,myers
61,carbon
62,black
63,email
64,microsoft
65,early
66,stages
67,overall
68,leverages
69,approaches
70,amongst
71,teamers
72,espionage
73,focused
74,adversaries
75,criminal
76,carbon
77,black
78,analysis
79,gandcrab
80,expand
81,vbs
82,macro
83,decompressed
84,totaled
85,approximately
86,lines
87,interestingly
88,vast
89,majority
90,junk
91,removed
92,lines
93,relevant
94,powershell
95,executed
96,contacted
97,hard
98,coded
99,requesting
100,strings
101,downloadstring
102,ultimately
103,gandcrab
104,downloaddata
105,eventually
106,ursnif
107,strain
108,gandcrab
109,hidden
110,infecting
111,sextortion
112,downloadstring
113,powershell
114,liner
115,evaluate
116,architecture
117,pastebin
118,executed
119,memory
120,ursnif
121,executable
122,meanwhile
123,downloaddata
124,performs
125,array
126,activities
127,gathering
128,deploying
129,samples
130,carbon
131,black
132,located
133,roughly
134,variants
135,wild
136,higher
137,rate
138,myers
139,variants
140,presumably
141,batches
142,depending
143,effectiveness
144,email
