,0
0,gmail
1,glitch
2,offers
3,stealthy
4,issue
5,gmail
6,automatically
7,message
8,folder
9,strange
10,glitch
11,gmail
12,exploited
13,email
14,folder
15,bug
16,worry
17,gives
18,phishers
19,avenue
20,unsuspecting
21,rogue
22,gmail
23,issue
24,outlined
25,developer
26,tim
27,cotten
28,stems
29,gmail
30,organizes
31,folders
32,email
33,folder
34,field
35,sends
36,email
37,target
38,specially
39,crafted
40,target
41,email
42,field
43,mail
44,automatically
45,inbox
46,folder
47,gives
48,false
49,impression
50,unwitting
51,email
52,themselves
53,cotten
54,structuring
55,field
56,along
57,gmail
58,application
59,reads
60,field
61,filtering
62,inbox
63,organization
64,purposes
65,sorts
66,email
67,though
68,despite
69,clearly
70,having
71,originating
72,mailbox
73,enlarge
74,boon
75,spam
76,email
77,inbox
78,filtered
79,mail
80,goes
81,folder
82,remain
83,follow
84,email
85,previous
86,correspondence
87,convince
88,confusion
89,injected
90,average
91,experience
92,door
93,imagine
94,scenario
95,email
96,crafted
97,mimics
98,previous
99,email
100,legitimately
101,cotten
102,wanting
103,remember
104,folder
105,disaster
106,issue
107,trickier
108,email
109,filed
110,folder
111,looks
112,though
113,opened
114,message
115,except
116,bolded
117,apparently
118,gmail
119,filtering
120,bug
121,cotten
122,posted
123,note
124,tekstar
125,discussing
126,auto
127,filtering
128,imagine
129,alice
130,email
131,bob
132,chad
133,field
134,bob
135,gives
136,bob
137,brad
138,bob
139,bob
140,tekstar
141,chad
142,replies
143,email
144,bob
145,brad
146,email
147,bob
148,bob
149,fodder
150,fun
151,pranks
152,cotten
153,findings
154,google
