,0
0,microsoft
1,sway
2,abused
3,office
4,perswaysion
5,microsoft
6,office
7,perswaysion
8,plethora
9,microsoft
10,executives
11,targeting
12,targeting
13,microsoft
14,twist
15,successfully
16,siphoned
17,office
18,executives
19,mid
20,attribute
21,success
22,parts
23,leverages
24,microsoft
25,convince
26,hand
27,microsoft
28,sway
29,newsletters
30,presentations
31,sway
32,inspired
33,perswaysion
34,onenote
35,collaboration
36,email
37,email
38,cloak
39,controlled
40,groups
41,together
42,carry
43,perswaysion
44,perswaysion
45,yet
46,living
47,specialized
48,together
49,conduct
50,feixiang
51,analyst
52,ib
53,analysis
54,primarily
55,developed
56,vietnamese
57,speaking
58,developers
59,proliferation
60,hacking
61,activities
62,operated
63,independent
64,groups
65,perswaysion
66,targeting
67,medium
68,sized
69,company
70,law
71,firms
72,estate
73,groups
74,canada
75,germany
76,countries
77,impact
78,serious
79,executives
80,office
81,gives
82,range
83,ability
84,subsequent
85,high-ranking
86,targets
87,perswaysion
88,inspecting
89,email
90,came
91,external
92,business
93,partner
94,email
95,flags
96,strange
97,typos
98,body
99,email
100,email
101,partner
102,email
103,please
104,above
105,redacted
106,review
107,let
108,me
109,concerns
110,referenced
111,pdf
112,pretends
113,notification
114,office
115,notification
116,email
117,company
118,add
119,air
120,legitimacy
121,glitchy
122,random
123,strings
124,bugs
125,automation
126,generate
127,pdf
128,sends
129,yet
130,pretending
131,office
132,microsoft
133,sway
134,untrained
135,eyes
136,resembles
137,authentic
138,microsoft
139,office
140,specially
141,crafted
142,presentation
143,abuses
144,sway
145,default
146,borderless
147,thinking
148,office
149,official
150,microsoft
151,campaignthe
152,tells
153,shared
154,behalf
155,company
156,target
157,finally
158,redirects
159,purports
160,microsoft
161,sso
162,outlook
163,input
164,sso
165,period
166,developer
167,copied
168,microsoft
169,outlook
170,submits
171,her
172,office
173,normal
174,separate
175,extra
176,email
177,hidden
178,extra
179,email
180,notification
181,sure
182,react
183,freshly
184,harvested
185,variants
186,swap
187,microsoft
188,onenote
189,lengths
190,microsoft
191,pick
192,legit
193,ability
194,rendering
195,seamless
196,preview
197,uploaded
198,helps
199,construct
200,strongly
201,resemble
202,authentic
203,microsoft
204,experience
205,follow
206,swiping
207,rinse
208,repeat
209,targeting
210,email
211,correspondents
212,microsoft
213,logging
214,email
215,double
216,valid
217,email
218,dump
219,email
220,generate
221,pdf
222,email
223,company
224,legal
225,sometimes
226,official
227,titles
228,pdfs
229,interacted
230,pdf
231,selection
232,email
233,communications
234,note
235,perswaysion
236,typically
237,delete
238,email
239,outbox
240,suspicion
