,0
0,library
1,expands
2,cobalt
3,dickens
4,silent
5,librarian
6,actively
7,targeting
8,bent
9,moving
10,deeper
11,school
12,networks
13,indicating
14,targeting
15,australia
16,canada
17,hong
18,kong
19,switzerland
20,kingdom
21,states
22,cropped
23,bent
24,lifting
25,students
26,heading
27,school
28,iranian
29,cyberattackers
30,collectively
31,cobalt
32,dickens
33,silent
34,librarian
35,library
36,students
37,resell
38,intellectual
39,property
40,move
41,laterally
42,organization
43,conduct
44,internal
45,secureworks
46,counter
47,unit
48,ctu
49,show
50,total
51,cobalt
52,dickens
53,actively
54,targeting
55,countries
56,targeting
57,times
58,pointed
59,start
60,message
61,spoofing
62,targeting
63,directed
64,looks
65,identical
66,spoofing
67,library
68,resource
69,browsers
70,stored
71,locally
72,pass
73,txt
74,spoofing
75,ctu
76,analysis
77,cobalt
78,dickens
79,reinventing
80,wheel
81,nor
82,investing
83,carry
84,freenom
85,administers
86,tlds
87,online
88,certificates
89,publicly
90,valid
91,ssl
92,certificates
93,issued
94,let
95,encrypt
96,public
97,singlefile
98,plugin
99,github
100,httrack
101,copier
102,standalone
103,application
104,copy
105,targeting
106,learn
107,trending
108,podcast
109,metadata
110,spoofing
111,suggests
112,cobalt
113,dickens
114,sometimes
115,older
116,copied
117,versions
118,target
119,ctu
120,posting
121,left
122,indicates
123,originally
124,copied
125,targeting
126,numerous
127,cobalt
128,dickens
129,worth
130,noting
131,cobalt
132,dickens
133,scrutiny
134,federal
135,law
136,enforcement
137,department
138,justice
139,indicted
140,mabna
141,institute
142,iranian
143,associates
144,compromising
145,intellectual
146,property
147,benefit
148,financially
149,changed
150,despite
151,law
152,enforcement
153,public
154,disclosures
155,takedown
156,ctu
157,ctu
158,students
159,implement
160,multi
161,mfa
162,implementing
163,mfa
164,seem
165,burdensome
166,environments
167,value
168,flexibility
169,innovation
170,insecure
