,0
0,major
1,ring
2,cracked
3,arrests
4,arrests
5,targeting
6,scam
7,enterprise
8,involves
9,malwares
10,men
11,suspected
12,participating
13,business
14,email
15,ring
16,arrested
17,lagos
18,nigeria
19,joint
20,interpol
21,ib
22,nigeria
23,police
24,force
25,cybercrime
26,investigation
27,resulted
28,arrest
29,nigerian
30,nationals
31,believed
32,responsible
33,distributing
34,carrying
35,extensive
36,scam
37,worldwide
38,scammer
39,impersonates
40,company
41,executive
42,tries
43,employee
44,responsible
45,payments
46,transactions
47,wiring
48,money
49,bogus
50,usually
51,conduct
52,fair
53,amount
54,recon
55,studying
56,executive
57,styles
58,uncovering
59,organization
60,vendors
61,billing
62,practices
63,mount
64,elements
65,myriad
66,interpol
67,suspects
68,alleged
69,developed
70,carrying
71,mass
72,emailing
73,impersonated
74,organization
75,social
76,engineering
77,efforts
78,spread
79,distinct
80,variants
81,spyware
82,trojans
83,rats
84,law
85,enforcement
86,samples
87,agenttesla
88,loki
89,azorult
90,spartan
91,nanocore
92,remcos
93,rats
94,investigations
95,targeting
96,programs
97,infiltrate
98,monitor
99,organization
100,launching
101,scam
102,siphoning
103,funds
104,interpol
105,announcement
106,ib
107,prolific
108,gang
109,believed
110,government
111,sector
112,company
113,countries
114,investigation
115,dubbed
116,falcon
117,gang
118,question
119,divided
120,subgroups
121,running
122,established
123,criminal
124,business
125,model
126,craig
127,jones
128,interpol
129,cybercrime
130,infiltration
131,cashing
132,multitude
133,generate
134,maximum
135,profits
136,forward
137,seeing
138,results
139,news
140,average
141,wire
142,transfer
143,loss
144,significantly
145,rise
146,quarter
147,average
148,quarter
149,anti
150,apwg
151,nigeria
152,west
153,africa
154,hotspots
155,gangs
156,apwg
157,rise
158,dollar
159,amounts
160,driven
161,largely
162,russian
163,targeting
164,company
165,average
166,per
167,russian
168,cosmic
169,lynx
170,prowling
171,summer
172,agari
173,launched
174,targeting
175,countries
176,continents
177,agari
178,statistics
179,favorite
180,targets
181,fortune
182,company
183,helps
184,explain
185,paydays
