,0
0,microsoft
1,email
2,fedex
3,fedex
4,dhl
5,express
6,microsoft
7,receiving
8,email
9,pretending
10,mail
11,couriers
12,fedex
13,dhl
14,express
15,targeting
16,microsoft
17,email
18,pretending
19,mail
20,couriers
21,fedex
22,dhl
23,express
24,webinar
25,promo
26,register
27,scam
28,targeting
29,microsoft
30,email
31,aim
32,swipe
33,email
34,quip
35,google
36,firebase
37,allowing
38,email
39,slip
40,built
41,block
42,email
43,titles
44,mask
45,true
46,intention
47,email
48,fedex
49,dhl
50,express
51,respectively
52,email
53,informing
54,fedex
55,scanned
56,missed
57,dhl
58,deliveries
59,ordinary
60,tend
61,quick
62,email
63,studying
64,detail
65,inconsistencies
66,fedex
67,email
68,quip
69,google
70,firebase
71,email
72,spoofing
73,american
74,multinational
75,company
76,fedex
77,entitled
78,fedex
79,email
80,email
81,seem
82,id
83,along
84,supposed
85,email
86,quip
87,quip
88,salesforce
89,offers
90,spreadsheets
91,slides
92,chat
93,fedex
94,fedex
95,credit
96,continuing
97,google
98,box
99,quip
100,versions
101,beneficial
102,millions
103,unfortunately
104,lower
105,bar
106,fedex
107,logo
108,titled
109,received
110,incoming
111,fedex
112,review
113,supposed
114,finally
115,resembled
116,microsoft
117,google
118,firebase
119,developed
120,google
121,mobile
122,application
123,google
124,firebase
125,increasingly
126,utilized
127,sidestep
128,note
129,enters
130,loaded
131,error
132,message
133,correct
134,backend
135,validation
136,mechanism
137,checks
138,veracity
139,entered
140,alternately
141,harvest
142,email
143,error
144,message
145,keep
146,appearing
147,regardless
148,entered
149,dhl
150,express
151,curious
152,adobe
153,prompt
154,separate
155,impersonated
156,german
157,international
158,courier
159,dhl
160,express
161,email
162,telling
163,parcel
164,arrived
165,email
166,addresseses
167,title
168,email
169,parcel
170,delivered
171,incorrect
172,parcel
173,ready
174,pickup
175,office
176,fedex
177,credit
178,email
179,prompted
180,shipping
181,receive
182,titled
183,shipping
184,doc
185,opened
186,previewed
187,spreadsheet
188,looked
189,shipping
190,preview
191,layered
192,box
193,adobe
194,pdf
195,reader
196,trying
197,adobe
198,trying
199,email
200,email
201,field
202,box
203,pre
204,filled
205,email
206,banking
207,act
208,email
209,box
210,paying
211,attention
212,adobe
213,branding
214,similarly
215,fedex
216,entered
217,returned
218,error
219,message
220,tapping
221,covid
222,trends
223,covid
224,turn
225,online
226,purchasing
227,goods
228,groceries
229,household
230,accessories
231,stores
232,online
233,shipping
234,high-ranking
235,tapping
236,email
237,tinely
238,covid
239,relief
240,funds
241,vaccine
242,rollouts
243,protective
244,equipment
245,ppe
246,needs
247,pandemic
248,online
249,deliveries
250,contactless
251,deliveries
252,mail
253,correspondence
254,fedex
255,dhl
256,thus
257,lives
258,preet
259,kumar
260,success
261,banking
262,buying
263,legitimacy
264,email
265,quick
266,thinking
