,0
0,facebook
1,messenger
2,scam
3,duped
4,millions
5,nate
6,nelson
7,write
8,facebook
9,crafted
10,message
11,facebook
12,messenger
13,ensnared
14,facebook
15,counting
16,millions
17,facebook
18,duped
19,scam
20,cons
21,handing
22,outlining
23,scam
24,continues
25,push
26,facebook
27,enticed
28,submit
29,facebook
30,unconfirmed
31,estimates
32,suggest
33,nearly
34,fell
35,prey
36,scam
37,earning
38,perpetrator
39,ploy
40,huge
41,payday
42,pixm
43,began
44,ramped
45,millions
46,facebook
47,exposed
48,scam
49,assert
50,remains
51,facebook
52,replied
53,requests
54,infosec
55,insiders
56,newsletter
57,pixm
58,asserts
59,tied
60,located
61,colombia
62,reason
63,pixm
64,believes
65,facebook
66,scam
67,tied
68,individual
69,message
70,signed
71,reference
72,individual
73,went
74,responding
75,inquiries
76,scam
77,worked
78,crux
79,centers
80,facebook
81,immediately
82,copies
83,facebook
84,interface
85,closely
86,enters
87,automated
88,fashion
89,authors
90,friends
91,facebook
92,messenger
93,friends
94,brought
95,fall
96,message
97,forwarded
98,friends
99,advertisements
100,instances
101,surveys
102,generates
103,referral
104,revenue
105,reached
106,individual
107,claim
108,individual
109,claimed
110,visits
111,advertising
112,exit
113,states
114,pixm
115,estimates
116,nearly
117,views
118,exit
119,projected
120,revenue
121,q4
122,present
123,criminal
124,honest
125,earnings
126,adding
127,probably
128,exaggerating
129,quite
130,bit
131,scam
132,bypassed
133,perpetrator
134,managed
135,circumvent
136,social
137,checks
138,utilizing
139,facebook
140,didn
141,catch
142,pixm
143,messenger
144,initiates
145,redirects
146,redirect
147,points
148,application
149,deployment
150,authors
151,terms
152,lands
153,facebook
154,generated
155,facebook
156,outright
157,block
158,blocking
159,application
160,facebook
161,caught
162,blocked
163,illegitimate
164,trivial
165,speed
166,automated
167,spin
168,id
169,observe
170,per
171,pixm
172,hacker
173,tracking
174,indicated
175,nearly
176,fell
177,scam
178,warn
179,remain
180,undetected
181,flourish
