,0
0,office
1,admins
2,targeting
3,scam
4,office
5,admin
6,skip
7,trends
8,office
9,company
10,helps
11,phishers
12,email
13,defenses
14,organization
15,office
16,infrastructure
17,email
18,emerged
19,onto
20,cyberscam
21,scene
22,michael
23,tyler
24,phishlabs
25,microsoft
26,office
27,administrator
28,thus
29,ensuring
30,email
31,validated
32,beneficial
33,email
34,filtering
35,solutions
36,reputation
37,major
38,component
39,determining
40,whether
41,block
42,email
43,posting
44,established
45,track
46,record
47,benign
48,message
49,less
50,quickly
51,blocked
52,increases
53,deliverability
54,efficiency
55,adversaries
56,gaining
57,office
58,installations
59,administrative
60,privileges
61,phished
62,brute
63,forced
64,office
65,admins
66,administrative
67,email
68,cyberattackers
69,privileges
70,freshly
71,worry
72,stumbling
73,observing
74,outgoing
75,mail
76,receiving
77,automated
78,responses
79,failed
80,taylor
81,office
82,crooks
83,office
84,scam
85,email
86,required
87,placed
88,hold
89,lines
90,targets
91,presented
92,leads
93,spoofing
94,office
95,activities
96,taylor
97,pointed
98,depending
99,configuration
100,office
101,admin
102,enable
103,retrieval
104,email
105,complete
106,takeover
107,email
108,addition
109,office
110,admins
111,elevated
112,privileges
113,organization
114,allowing
115,compromises
116,reset
117,abusing
118,reputation
119,distribute
120,email
121,spray
122,pray
123,targeting
124,wide
125,variety
126,enterprises
127,phishlabs
128,analysis
129,validated
130,trends
131,vade
132,phishers
133,favorites
134,q3
135,microsoft
136,detected
137,q3
138,compared
139,quarter
140,office
141,appearing
142,per
143,vade
144,office
145,gotten
146,savvier
147,defenses
148,gotten
149,better
150,evolving
151,quarter
152,becoming
153,smarter
154,innovative
155,keep
156,defenses
157,deployed
158,email
159,businesses
160,adrien
161,gendre
162,chief
163,solution
164,architect
165,vade
166,despite
167,drop
168,microsoft
169,organization
170,remain
171,high-ranking
172,alert
173,sophisticated
174,attacking
175,office
176,scam
177,phishers
178,shifted
179,towards
180,email
181,randomization
182,modified
183,logo
184,microsoft
185,logo
186,blue
187,background
188,template
189,matching
190,matching
191,algorithms
192,identify
193,exact
194,matches
195,image
196,moreover
197,begun
198,shift
199,focus
200,construction
201,email
202,randomization
203,break
204,traditional
205,defense
206,layers
207,vade
208,minimizes
209,message
210,phisher
211,reuse
212,webpage
213,email
214,interestingly
215,q3
216,paypal
217,overtook
218,microsoft
219,claim
220,spot
221,netflix
222,meanwhile
223,moved
224,spot
225,quarter
226,quarter
227,growth
