,0
0,scam
1,reels
2,netflix
3,tls
4,certified
5,netflix
6,scam
7,leads
8,valid
9,tls
10,certificates
11,netflix
12,scam
13,leads
14,valid
15,transport
16,layer
17,tls
18,certificates
19,johannes
20,ullrich
21,dean
22,sans
23,institute
24,uptick
25,netflix
26,mails
27,tls
28,certified
29,unpatched
30,installs
31,plugins
32,weak
33,usual
34,suspect
35,cms
36,drupal
37,ullrich
38,mistaken
39,netflix
40,cases
41,wildcard
42,dns
43,records
44,wildcard
45,dns
46,record
47,anything
48,subdomain
49,hostname
50,obtain
51,tls
52,certificate
53,netflix
54,netflix
55,netflix
56,helps
57,flagged
58,safe
59,spoofing
60,email
61,weak
62,spot
63,ullrich
64,email
65,marked
66,spam
67,email
68,worded
69,went
70,hxxps
71,www
72,safenetflax
73,impersonate
74,netflix
75,longer
76,resolves
77,ullrich
78,believable
79,netflix
80,modification
81,spot
82,alternative
83,facebook
84,missing
85,netflix
86,aren
87,particularly
88,valuable
89,ullrich
90,offered
91,per
92,enticing
93,easily
94,automated
95,hard
96,spot
97,netflix
98,undetected
99,netflix
100,simultaneous
101,streams
102,standard
103,premium
104,ullrich
105,unless
106,gets
107,kicked
108,streams
109,someone
110,else
111,tls
112,increased
113,dramatically
114,zscaler
115,delivered
116,ssl
117,tls
118,posting
119,deepen
120,desai
121,zscaler
122,ssl
123,tls
124,solutions
125,inspection
126,packets
127,ullrich
128,ultimately
129,mistake
130,tls
131,netflix
132,easily
133,certificate
134,transparency
135,logs
136,doubt
137,notice
138,didn
139,tls
140,netflix
141,array
142,email
143,seem
144,cropped
145,law
146,enforcement
147,citizens
148,scam
149,spate
150,police
151,forces
152,canada
153,advised
154,public
155,scam
156,involves
157,netflix
158,obtain
159,banking
160,netflix
161,recommends
162,email
163,message
164,official
