,0
0,google
1,analytics
2,emerges
3,analytics
4,phishers
5,hone
6,defenders
7,better
8,detect
9,scope
10,mitigate
11,effects
12,technical
13,markers
14,analytics
15,particularly
16,google
17,analytics
18,sophisticated
19,targeting
20,susceptible
21,organization
22,defending
23,analytics
24,generate
25,reports
26,behavior
27,views
28,track
29,throughout
30,caught
31,analytics
32,dirty
33,typical
34,designers
35,driving
36,traffic
37,luring
38,email
39,akamai
40,technologies
41,evolved
42,learned
43,technical
44,markers
45,identification
46,geo
47,location
48,operating
49,identification
50,adjust
51,visibility
52,enable
53,granular
54,targeting
55,tomer
56,shiomo
57,lead
58,akamai
59,labs
60,evaluate
61,metrics
62,developers
63,analytic
64,developed
65,google
66,bing
67,yandex
68,gather
69,necessary
70,akamai
71,showed
72,defending
73,turn
74,tables
75,detect
76,phishers
77,analytics
78,identifier
79,uid
80,identify
81,uid
82,comprised
83,parts
84,analytics
85,id
86,xxxxx
87,property
88,shiomo
89,akamai
90,scanned
91,blank
92,belong
93,uids
94,google
95,analytic
96,akamai
97,uids
98,analyzing
99,analytic
100,uids
101,shiomo
102,identifying
103,reasons
104,behavior
105,explain
106,presence
107,analytic
108,identifiers
109,reason
110,reusing
111,uid
112,purposes
113,attempting
114,duplicate
115,developers
116,copying
117,httrack
118,wget
119,reusing
120,analytic
121,id
122,shipped
123,shiomo
124,uids
125,evidence
126,analytic
127,ids
128,framework
129,developer
130,monitor
131,movement
132,additionally
133,uids
134,akamai
135,mark
136,sinkholed
137,targeting
138,company
139,showing
140,routed
141,shiomo
142,defending
143,beat
144,game
145,glean
146,behavior
147,cybercriminal
148,behavior
149,analytics
150,understand
151,defenders
152,compare
153,internal
154,signatures
155,rounded
156,remediation
157,shiomo
