,0
0,spear
1,hiv
2,results
3,purporting
4,hiv
5,results
6,reality
7,koadic
8,spear
9,email
10,scare
11,convince
12,microsoft
13,excel
14,hiv
15,results
16,involving
17,email
18,claiming
19,vanderbilt
20,medical
21,center
22,medical
23,complex
24,nashville
25,tenn
26,email
27,slew
28,unnamed
29,company
30,insurance
31,healthcare
32,pharmaceutical
33,firms
34,embedded
35,email
36,koadic
37,run
38,programs
39,healthcare
40,concerns
41,change
42,diet
43,medication
44,lead
45,fall
46,regularly
47,purported
48,evokes
49,emotional
50,particularly
51,tricking
52,received
53,email
54,purporting
55,vanderbit
56,sic
57,medical
58,line
59,result
60,medical
61,analysis
62,body
63,email
64,encourages
65,microsoft
66,excel
67,titled
68,testresults
69,xlsb
70,claiming
71,hiv
72,results
73,attackonce
74,opens
75,excel
76,opens
77,prompts
78,enable
79,macros
80,koadic
81,koadic
82,exploitation
83,trojan
84,originally
85,koadic
86,intended
87,defenders
88,complete
89,variety
90,nation
91,chinese
92,russian
93,sponsored
94,groups
95,iran
96,china
97,stone
98,panda
99,koadic
100,chessmaster
101,japan
102,fancy
103,bear
104,koadic
105,zebrocy
106,sherrod
107,degrippo
108,email
109,targeting
110,terms
111,individual
112,focused
113,terms
114,targeting
115,insight
116,medical
117,history
118,targeting
119,reason
120,hiv
121,status
122,whether
123,patients
124,vanderbilt
125,misspelled
126,vanderbit
127,regularly
128,observe
129,medical
130,scenarios
131,sense
132,urgency
133,social
134,engineering
135,fear
136,targeting
137,message
138,concern
139,safety
140,tested
141,curiosity
142,haven
143,tested
144,spear
145,reflection
146,continuing
147,innovative
148,convince
149,tapping
150,panic
151,coronavirus
152,spear
153,email
154,mention
155,virus
156,beyond
157,anything
158,taxes
159,estate
160,decoys
161,hivresearchers
162,typically
163,safely
164,transmitted
165,secured
166,messaging
167,portals
168,phone
169,receive
170,email
171,claiming
172,medical
173,patient
174,directly
175,doctor
176,email
177,serves
178,reminder
179,didn
180,start
181,won
182,stop
183,coronavirus
184,constant
185,recognize
186,utility
187,scare
188,encourage
189,treat
190,email
191,caution
192,claim
