,0
0,lewd
1,business
2,explode
3,becky
4,bracken
5,socially
6,engineered
7,rated
8,material
9,spike
10,amped
11,rated
12,business
13,email
14,stunning
15,spike
16,social
17,engineering
18,scam
19,involving
20,suggestive
21,materials
22,usually
23,male
24,sounding
25,company
26,greathorn
27,discovery
28,libido
29,driving
30,suggestive
31,scam
32,email
33,popping
34,screens
35,intended
36,shock
37,door
38,reckless
39,decision
40,greathorn
41,dynamite
42,doesn
43,involve
44,explicit
45,material
46,goal
47,balance
48,frightened
49,excited
50,emotional
51,decrease
52,brain
53,ability
54,rational
55,decisions
56,exfiltrate
57,blackmail
58,repeat
59,greathorn
60,largely
61,bogus
62,dating
63,entering
64,track
65,follow
66,involve
67,blackmail
68,email
69,pass
70,track
71,enables
72,email
73,senders
74,auto
75,populate
76,unsubscribe
77,field
78,email
79,email
80,email
81,automatically
82,passed
83,cybercriminal
84,leverages
85,gleaned
86,greathorn
87,shared
88,rated
89,mine
90,proposition
91,photo
92,scam
93,dating
94,hungrygrizzly
95,greathorn
96,gleaned
97,transmitted
98,purposes
99,money
100,withdrawal
101,blackmailing
102,committing
103,frauds
104,greathorn
105,besides
106,personally
107,embarrassing
108,becoming
109,increasingly
110,dangerous
111,organization
112,astounding
113,demonstrate
114,insidious
115,agari
116,division
117,acid
118,watch
119,happen
120,happened
121,astounding
122,quarter
123,automatically
124,tested
125,soon
126,posted
127,additionally
128,families
129,responsible
130,demonstrating
131,versions
132,launching
133,wide
134,nearly
135,manually
136,breached
137,accessed
138,hour
139,accessed
140,majority
141,accessed
142,examples
143,cybercriminal
144,maintained
145,persistent
146,continuous
147,acid
148,worse
149,increasing
150,forwarding
151,rules
152,pivot
153,application
154,microsoft
155,onedrive
156,microsoft
157,teams
158,outgoing
159,email
160,sometimes
161,infrastructure
162,biggest
163,biggest
164,challenges
165,organization
166,faces
167,hank
168,schless
169,catalyst
170,almost
171,cyberattack
172,countless
173,leaks
174,individual
175,schless
176,risks
177,compounded
178,mobile
179,toggling
180,forth
181,communications
182,streams
183,application
184,netenrich
185,sean
186,cordero
187,organization
188,completely
189,rethink
190,management
191,strategies
192,effectively
193,cope
194,understand
195,scope
196,attackable
197,surface
198,organization
199,cannot
200,assets
201,connections
202,environment
203,aware
204,amount
205,exposure
206,facing
207,unfortunately
208,organized
209,funded
210,identify
211,weaknesses
