,0
0,covid
1,scam
2,scramble
3,cybercrooks
4,recycle
5,covid
6,scam
7,recycled
8,old
9,pressed
10,keep
11,unprecedented
12,volume
13,scam
14,exploit
15,pandemic
16,fear
17,covid
18,crisis
19,becoming
20,pandemic
21,themselves
22,apparently
23,conserve
24,leaning
25,older
26,stockpiles
27,weapons
28,keep
29,infection
30,wave
31,katz
32,akamai
33,posting
34,older
35,deployed
36,retired
37,pressed
38,target
39,home
40,akamai
41,recycled
42,coronavirus
43,millions
44,americans
45,telecommuting
46,self
47,isolation
48,mandated
49,quarantine
50,policies
51,coronavirus
52,infections
53,spike
54,akamai
55,community
56,start
57,message
58,email
59,direct
60,seemingly
61,covid
62,news
63,governmental
64,updates
65,globally
66,directed
67,immediately
68,yet
69,spoofs
70,big
71,brands
72,microsoft
73,orange
74,france
75,ebay
76,organization
77,local
78,medical
79,experts
80,pretending
81,insurance
82,company
83,bank
84,medical
85,expert
86,katz
87,established
88,criminal
89,betting
90,doing
91,following
92,releasing
93,enable
94,application
95,katz
96,dozens
97,coronavirus
98,deployed
99,operate
100,background
101,circulation
102,reused
103,contrast
104,recycled
105,higher
106,rate
107,previous
108,days
109,old
110,weapons
111,covid
112,scam
113,reuse
114,akamai
115,recycling
116,repurposing
117,themselves
118,indicative
119,turnkey
120,industrial
121,nature
122,industry
123,katz
124,upside
125,fingerprint
126,older
127,defenders
128,jobs
129,bit
130,easier
131,theory
132,covid
133,dominates
134,cybercrime
135,scene
136,novel
137,coronavirus
138,covid
139,disease
140,causes
141,emerged
142,primary
143,cybercrime
144,theme
145,weeks
146,pandemic
147,takes
148,hold
149,globally
150,nokia
151,lab
152,analyzed
153,trojan
154,targeting
155,mimics
156,map
157,confirmed
158,covid
159,cases
160,steals
161,covidlock
162,android
163,android
164,application
165,pretends
166,give
167,nearby
168,covid
169,patients
170,application
171,locks
172,pay
173,ransom
174,bitcoin
175,nokia
176,android
177,coronavirus
178,safety
179,mask
180,scam
181,application
182,pretending
183,safety
184,masks
185,reality
186,message
187,banking
188,trojan
189,zeus
190,sphinx
191,meanwhile
192,joining
193,growing
194,fray
195,covid
196,malspam
197,government
198,assistance
199,covid
200,mask
201,scam
202,typical
203,scam
204,haltonpolice
205,hijacking
206,routers
207,changing
208,dns
209,settings
210,redirect
211,controlled
212,promoting
213,coronavirus
214,application
215,application
216,oski
217,boot
218,cisco
219,monitoring
220,surge
221,requests
222,cisco
223,talos
224,stated
225,significant
226,covid
227,economic
228,stimulus
229,government
230,notable
231,cisco
232,umbrella
233,product
234,telemetry
235,keywords
236,covid
237,corona
238,enterprise
239,queries
240,keywords
241,mid
242,later
243,company
244,whopping
245,requests
246,keywords
247,blocked
248,spreading
249,coronavirus
250,email
251,message
252,application
253,katz
254,running
255,scam
256,stores
257,offering
258,sell
259,covid
260,testing
261,medical
262,supplies
263,transition
264,away
265,office
266,life
267,home
268,program
269,recognize
270,situations
271,valuable
272,surfaces
