,0
0,robinhood
1,warns
2,tax
3,season
4,scam
5,stock
6,trading
7,broker
8,email
9,tax
10,targeting
11,stock
12,trading
13,broker
14,robinhood
15,spread
16,tax
17,company
18,robinhood
19,aims
20,trade
21,stocks
22,online
23,faced
24,regulatory
25,legal
26,challenges
27,along
28,email
29,scam
30,reached
31,targeting
32,email
33,email
34,robinhood
35,prompting
36,visitors
37,codes
38,company
39,ensure
40,email
41,tax
42,season
43,tax
44,email
45,tends
46,email
47,tax
48,season
49,ask
50,extra
51,careful
52,robinhood
53,email
54,robinhood
55,email
56,enlarge
57,indeed
58,tax
59,season
60,online
61,flurry
62,online
63,scramble
64,irs
65,declarations
66,gone
67,largely
68,digital
69,robinhood
70,falling
71,scam
72,email
73,recommended
74,company
75,mobile
76,application
77,google
78,play
79,apple
80,application
81,store
82,application
83,robinhood
84,tax
85,forms
86,robinhood
87,suggested
88,strength
89,features
90,application
91,manually
92,removing
93,recognize
94,accessing
95,resetting
96,feel
97,company
98,encouraged
99,reach
100,directly
101,robinhood
102,application
103,option
104,difficult
105,proposition
106,robinhood
107,run
108,afoul
109,regulators
110,alike
111,detailed
112,bloomberg
113,broke
114,story
115,robinhood
116,complaints
117,federal
118,trade
119,commission
120,times
121,competing
122,online
123,trading
124,drew
125,regulatory
126,scrutiny
127,prompted
128,investigation
129,chief
130,complaints
131,robinhood
132,couldn
133,reach
134,company
135,causing
136,regulators
137,securities
138,exchange
139,commission
140,sec
141,de
142,facto
143,missteps
144,company
145,ceo
146,vlad
147,tenev
148,outage
149,coronavirus
150,outbreak
151,causing
152,wanted
153,move
154,stocks
155,market
156,volatility
157,lose
158,opportunity
159,thus
160,dollars
161,robinhood
162,trading
163,debacle
164,involved
165,gamestop
166,spurring
167,regulatory
168,investigation
169,class
170,suit
171,company
