,0
0,linkedin
1,bot
2,feed
3,job
4,hungry
5,becky
6,bracken
7,spoofing
8,linkedin
9,target
10,resignation
11,job
12,hunters
13,preyed
14,huge
15,scraping
16,bot
17,emotionally
18,vulnerable
19,willing
20,offer
21,lands
22,gig
23,job
24,seekers
25,prime
26,targets
27,social
28,engineering
29,resignation
30,swing
31,having
32,finding
33,feb
34,analysts
35,watched
36,email
37,linkedin
38,surge
39,attempting
40,job
41,seekers
42,employment
43,trends
44,egress
45,resignation
46,continues
47,dominate
48,headlines
49,record
50,americans
51,left
52,jobs
53,opportunities
54,aim
55,capitalize
56,jobseekers
57,plus
58,curious
59,flattering
60,believing
61,viewed
62,experience
63,relevant
64,household
65,brands
66,infosec
67,insiders
68,newsletter
69,email
70,lines
71,enticing
72,job
73,hunters
74,hoping
75,noticed
76,searching
77,online
78,appeared
79,searches
80,message
81,egress
82,email
83,themselves
84,dupes
85,built
86,templates
87,linkedin
88,logo
89,colors
90,icons
91,checked
92,company
93,throughout
94,bodies
95,email
96,american
97,express
98,cvs
99,carepoint
100,correspondence
101,seem
102,analysts
103,email
104,footer
105,lifted
106,company
107,headquarters
108,unsubscribe
109,add
110,email
111,authenticity
112,analysts
113,pointed
114,linkedin
115,display
116,spoofing
117,hide
118,webmail
119,linkedin
120,email
121,egress
122,email
123,directed
124,harvest
125,linkedin
126,logins
127,display
128,linkedin
129,email
130,follow
131,pattern
132,webmail
133,correlation
134,analysts
135,currently
136,unknown
137,whether
138,cybercriminal
139,gang
140,operating
141,together
142,linkedin
143,following
144,internal
145,teams
146,harm
147,linkedin
148,members
149,encourage
150,members
151,message
152,learn
153,themselves
154,turning
155,step
156,verification
157,learn
158,members
159,identify
160,message
161,center
162,scraping
163,job
164,seekers
165,besides
166,job
167,leads
168,targets
169,coughing
170,imperva
171,separate
172,detailed
173,stopped
174,largest
175,bot
176,company
177,job
178,listing
179,imperva
180,didn
181,specifically
182,company
183,company
184,bombarded
185,bot
186,requests
187,days
188,tried
189,scrape
190,job
191,seekers
192,imperva
193,scraping
194,result
195,lower
196,conversion
197,rates
198,skewed
199,marketing
200,analytics
201,decrease
202,seo
203,ranking
204,latency
205,downtime
206,usually
207,caused
208,aggressive
209,scrapers
210,imperva
211,pointed
212,scraping
213,gray
214,areas
215,collecting
216,publicly
217,itself
218,collected
219,mass
220,quantities
221,weapon
222,wielded
223,social
224,engineering
225,summer
226,scraping
227,linkedin
228,collected
229,billion
230,records
231,later
232,sold
233,underground
234,forums
235,linkedin
236,reiterated
237,scraped
238,public
239,didn
240,qualify
241,linkedin
242,fault
243,yehuda
244,rosen
245,engineer
246,nvisium
247,little
248,linkedin
249,specifically
250,doing
251,anything
252,wrong
253,rosen
254,boils
255,linkedin
256,millions
257,members
258,whom
259,accustomed
260,seeing
261,frequent
262,email
263,linkedin
264,inevitably
265,carefully
266,checking
267,email
268,deal
269,leaves
270,individual
271,mindful
272,expose
273,publicly
274,hurt
275,linkedin
276,reiterate
277,importance
278,email
279,education
280,ray
281,kelly
282,ntt
283,application
284,email
285,given
286,email
287,coming
288,legit
289,linkedin
290,email
291,difficult
292,identify
293,danger
294,my
295,rule
296,email
297,visit
298,directly
