,0
0,strangest
1,divorce
2,papers
3,estate
4,decoys
5,discusses
6,strange
7,levels
8,persuade
9,message
10,aren
11,targeting
12,infrastructure
13,anymore
14,actively
15,playing
16,emotions
17,whether
18,consumer
19,desperately
20,wants
21,lose
22,weight
23,employee
24,nervous
25,lose
26,job
27,doesn
28,exactly
29,boss
30,outlines
31,social
32,engineering
33,lucrative
34,spear
35,spam
36,message
37,hint
38,diet
39,mental
40,enhancement
41,social
42,engineering
43,landscape
44,changing
45,general
46,sherrod
47,degrippo
48,joins
49,editor
50,swap
51,stories
52,craziest
53,scam
54,swearword
55,riddled
56,sue
57,estate
58,scam
59,succeeded
60,swindling
61,buyers
62,dollars
63,playing
64,emotions
65,podcast
66,listen
67,below
68,below
69,lightly
70,edited
71,transcript
72,podcast
73,hi
74,welcome
75,podcast
76,today
77,sherrod
78,degrippo
79,sherrod
80,thanks
81,joining
82,me
83,today
84,nice
85,speaking
86,sherrod
87,degrippo
88,thanks
89,having
90,me
91,love
92,talking
93,thank
94,lo
95,today
96,discuss
97,survey
98,interesting
99,collected
100,guys
101,analyzed
102,billions
103,message
104,daily
105,millions
106,increasingly
107,exploiting
108,sherrod
109,tell
110,mean
111,mean
112,context
113,context
114,sd
115,talking
116,beyond
117,technical
118,protection
119,mechanisms
120,protection
121,perimeter
122,defenses
123,patches
124,traditional
125,foundations
126,effectively
127,organization
128,environments
129,focus
130,technical
131,defenses
132,times
133,require
134,requires
135,intervention
136,focused
137,heavily
138,billion
139,email
140,huge
141,interact
142,business
143,lo
144,right
145,emerging
146,modern
147,landscape
148,seeing
149,becoming
150,increasingly
151,centric
152,focusing
153,identities
154,opposed
155,infrastructure
156,email
157,playing
158,emotions
159,false
160,sense
161,urgency
162,sorts
163,wire
164,transfers
165,relevant
166,step
167,takeaways
168,give
169,background
170,social
171,engineering
172,crafting
173,email
174,trying
175,construct
176,perfect
177,social
178,engineering
179,tricks
180,sd
181,oh
182,question
183,social
184,engineering
185,industry
186,love
187,definitely
188,me
189,essentially
190,social
191,engineering
192,feel
193,emotion
194,evoking
195,excitement
196,fear
197,comedy
198,sort
199,someone
200,whatever
201,doing
202,social
203,engineering
204,technical
205,onto
206,machines
207,beginning
208,essentially
209,humans
210,capability
211,step
212,job
213,easier
214,worry
215,protections
216,brain
217,food
218,blog
219,essentially
220,smart
221,drugs
222,basically
223,ll
224,super
225,genius
226,pretty
227,basic
228,pharmaceutical
229,spam
230,big
231,reason
232,interested
233,forwarding
234,friends
235,seemed
236,interesting
237,shocking
238,friends
239,interested
240,finding
241,social
242,engineering
243,shared
244,email
245,social
246,otherwise
247,lo
248,definitely
249,kinds
250,diet
251,mental
252,enhancement
253,spam
254,filtering
255,my
256,inbox
257,why
258,dangerous
259,guys
260,per
261,message
262,right
263,sd
264,right
265,per
266,message
267,interesting
268,message
269,forwarding
270,message
271,message
272,fascinating
273,essentially
274,email
275,high-ranking
276,rate
277,dream
278,lo
279,extremely
280,high-ranking
281,per
282,message
283,rate
284,guys
285,extremely
286,sd
287,sure
288,seeing
289,love
290,cloud
291,love
292,docusign
293,love
294,microsoft
295,cloud
296,love
297,dropbox
298,love
299,box
300,finding
301,relying
302,cloud
303,gotten
304,google
305,design
306,lo
307,yeah
308,definitely
309,tricky
310,question
311,social
312,engineering
313,guys
314,talked
315,attacked
316,regular
317,consumers
318,targeting
319,observing
320,wanted
321,break
322,thing
323,stuck
324,me
325,ago
326,seemed
327,suite
328,execs
329,largely
330,malspam
331,email
332,necessarily
333,anymore
334,high-ranking
335,guys
336,executive
337,email
338,break
339,seeing
340,social
341,engineering
342,sd
343,sure
344,attacked
345,concept
346,big
347,focus
348,developed
349,internally
350,seeing
351,certain
352,certain
353,kinds
354,certain
355,titles
356,higher
357,amounts
358,targeting
359,higher
360,amounts
361,general
362,organization
363,idea
364,instantly
365,oh
366,my
367,executives
368,my
369,suite
370,power
371,organization
372,hierarchical
373,perspective
374,ones
375,attacked
376,reason
377,typically
378,public
379,presence
380,tend
381,publish
382,email
383,tend
384,publicly
385,accessible
386,everybody
387,email
388,hr
389,billing
390,organization
391,positions
392,necessarily
393,executive
394,sometimes
395,larger
396,public
397,presences
398,doing
399,public
400,speaking
401,publishing
402,reports
403,recruiting
404,role
405,accessible
406,finding
407,profiles
408,social
409,reports
410,industry
411,savvy
412,finding
413,connections
414,tracing
415,finding
416,typically
417,suite
418,concept
419,email
420,sophisticated
421,executive
422,email
423,online
424,executives
425,keeping
426,hidden
427,little
428,bit
429,trying
430,build
431,profiles
432,build
433,brands
434,accessible
435,finding
436,lo
437,combination
438,having
439,social
440,larger
441,groups
442,company
443,almost
444,perfect
445,opportunity
446,swoop
447,gather
448,email
449,takeaways
450,wanted
451,highlight
452,underscore
453,future
454,trends
455,social
456,engineering
457,sd
458,sure
459,finding
460,sophisticated
461,doing
462,sophisticated
463,times
464,seeing
465,marketing
466,company
467,marketing
468,attacked
469,verticals
470,ll
471,marketing
472,company
473,hold
474,incredible
475,titles
476,locations
477,maybe
478,habits
479,marketing
480,company
481,sends
482,email
483,behalf
484,easily
485,targeting
486,electronics
487,company
488,lines
489,detailing
490,company
491,releasing
492,problem
493,product
494,line
495,body
496,course
497,talks
498,problem
499,having
500,spoofing
501,email
502,marketing
503,company
504,times
505,marketing
506,company
507,safe
508,listed
509,receiving
510,organization
511,hey
512,my
513,marketing
514,company
515,email
516,marketing
517,company
518,brands
519,reaching
520,lists
521,targeting
522,interesting
523,lo
524,right
525,feel
526,having
527,marketing
528,gold
529,mine
530,turn
531,spear
532,email
533,guys
534,targeting
535,sd
536,sure
537,terms
538,severity
539,estate
540,interesting
541,estate
542,publish
543,blogs
544,along
545,industry
546,talking
547,vertical
548,estate
549,targeting
550,industry
551,reasons
552,assume
553,estate
554,typically
555,deals
556,quick
557,high-ranking
558,value
559,transactions
560,funds
561,pay
562,earnest
563,money
564,pay
565,inspection
566,oh
567,forgot
568,fee
569,pay
570,closing
571,costs
572,quick
573,exchanges
574,transactions
575,parties
576,sort
577,slip
578,oh
579,forgot
580,pay
581,transfer
582,ahead
583,funds
584,estate
585,organization
586,inside
587,transactions
588,start
589,siphoning
590,little
591,payments
592,fees
593,estate
594,agents
595,lo
596,right
597,remember
598,early
599,news
600,story
601,wire
602,transfers
603,scam
604,cost
605,homeowner
606,situation
607,saying
608,issue
609,estate
610,business
611,deals
612,publicly
613,listed
614,easier
615,seller
616,buyer
617,sd
618,sit
619,hey
620,industry
621,try
622,exploit
623,try
624,middle
625,transactions
626,estate
627,good
628,choice
629,finance
630,industry
631,targeting
632,huge
633,finance
634,company
635,moving
636,money
637,capability
638,email
639,got
640,problem
641,upset
642,wants
643,seriously
644,jobs
645,social
646,engineering
647,play
648,lo
649,yeah
650,question
651,social
652,engineering
653,scam
654,specifically
655,technologies
656,story
657,scam
658,audio
659,deep
660,impersonation
661,chief
662,executives
663,voice
664,audio
665,fool
666,company
667,transferring
668,sum
669,money
670,bank
671,deepfake
672,artificial
673,play
674,big
675,future
676,tricking
677,believing
678,mean
679,role
680,sd
681,oh
682,question
683,absolutely
684,happen
685,ll
686,start
687,technologies
688,evolve
689,sophisticated
690,capable
691,general
692,commodity
693,crimeware
694,maybe
695,aren
696,technically
697,sophisticated
698,spectrum
699,ll
700,bits
701,pieces
702,freely
703,ll
704,together
705,bits
706,pieces
707,scripts
708,botnets
709,deepfakes
710,ai
711,absolutely
712,social
713,engineering
714,talking
715,thinks
716,idea
717,social
718,engineering
719,aspect
720,start
721,social
722,engineering
723,big
724,win
725,big
726,whatever
727,goal
728,customize
729,customized
730,labor
731,intensive
732,lots
733,individual
734,lo
735,email
736,technologies
737,play
738,deepfake
739,audio
740,ai
741,harder
742,raises
743,bar
744,consumer
745,sd
746,absolutely
747,examined
748,continually
749,keep
750,evolving
751,kinds
752,technologies
753,talk
754,sophisticated
755,spectrum
756,lower
757,spectrum
758,waiting
759,thing
760,accessible
761,doing
762,email
763,having
764,phone
765,band
766,spoof
767,spoofing
768,ceo
769,hey
770,please
771,banking
772,institution
773,transfer
774,email
775,phone
776,interact
777,personable
778,authentic
779,ai
780,bigger
781,bigger
782,bigger
783,convincingly
784,lo
785,haven
786,heard
787,yet
788,definitely
789,tricky
790,better
791,impersonate
792,email
793,tricks
794,watch
795,social
796,engineering
797,vein
798,spear
799,email
800,sd
801,training
802,understand
803,having
804,deeply
805,emotional
806,reaction
807,email
808,coming
809,whether
810,supervisor
811,boss
812,stop
813,stop
814,ultimately
815,individual
816,organization
817,biggest
818,lines
819,defense
820,protecting
821,organization
822,train
823,invest
824,invest
825,technical
826,protection
827,attacked
828,talked
829,extra
830,extra
831,technical
832,extra
833,training
834,big
835,events
836,game
837,thrones
838,huge
839,unaired
840,episodes
841,season
842,game
843,thrones
844,friends
845,preview
846,ll
847,kinds
848,pop
849,culture
850,events
851,social
852,events
853,tuned
854,smart
855,couple
856,ago
857,swore
858,royal
859,baby
860,archie
861,meghan
862,markle
863,harry
864,thought
865,sure
866,somebody
867,rule
868,anything
869,announcement
870,royal
871,baby
872,flag
873,shocked
874,lo
875,good
876,sd
877,waiting
878,waiting
879,crazy
880,divorcing
881,my
882,divorce
883,papers
884,identity
885,sue
886,curse
887,words
888,cursing
889,saying
890,sue
891,lawsuit
892,thought
893,baby
894,thought
895,lo
896,definitely
897,examples
898,play
899,emotions
900,riddled
901,swear
902,words
903,whatnot
904,warnings
905,big
906,apple
907,seeing
908,scam
909,scam
910,spear
911,scam
912,goes
913,along
914,sd
915,absolutely
916,excited
917,mentioned
918,apple
919,today
920,finished
921,anything
922,announced
923,sort
924,stuff
925,sporting
926,events
927,super
928,bowl
929,laziness
930,reuse
931,big
932,holiday
933,reuse
934,countries
935,talk
936,french
937,holiday
938,won
939,effectively
940,sometimes
941,sort
942,lazy
943,catch
944,microsoft
945,stuff
946,microsoft
947,depends
948,depends
949,lo
950,right
951,unfortunately
952,finding
953,success
954,launching
955,sherrod
956,thank
957,coming
958,today
959,chatting
960,social
961,engineering
962,overall
963,sd
964,course
965,thanks
966,having
967,me
968,talk
969,lo
970,concludes
971,podcast
972,please
973,listen
974,subscribe
975,news
976,wraps
977,interviews
978,stories
979,catch
980,podcast
