,0
0,fbi
1,iranian
2,stole
3,spear
4,department
5,justice
6,announced
7,charges
8,iranians
9,affiliated
10,mabna
11,institute
12,accused
13,company
14,government
15,departments
16,states
17,department
18,justice
19,announced
20,charges
21,iranians
22,accused
23,company
24,government
25,agencies
26,fbi
27,deputy
28,david
29,bowdich
30,sponsored
31,worked
32,expensive
33,science
34,engineering
35,company
36,trade
37,secrets
38,government
39,iranian
40,government
41,sold
42,profit
43,fbi
44,indictment
45,stole
46,terabytes
47,academic
48,totaled
49,billion
50,procure
51,currently
52,affiliated
53,mabna
54,institute
55,iran
56,company
57,fbi
58,company
59,express
60,purpose
61,illegally
62,gaining
63,iranian
64,scientific
65,intrusions
66,members
67,institute
68,contracted
69,islamic
70,revolutionary
71,guard
72,corps
73,entities
74,iranian
75,government
76,responsible
77,gathering
78,iranian
79,government
80,clients
81,indictment
82,exfiltrated
83,obtained
84,benefit
85,irgc
86,sold
87,iran
88,allegedly
89,targeting
90,government
91,entities
92,department
93,labor
94,federal
95,energy
96,regulatory
97,commissions
98,accused
99,targeting
100,foreign
101,countries
102,company
103,majority
104,firms
105,spear
106,intrusion
107,fbi
108,initially
109,elaborate
110,spear
111,successfully
112,target
113,mail
114,professor
115,primary
116,goal
117,obtain
118,professors
119,unauthorized
120,whatever
121,proprietary
122,academic
123,hands
124,fbi
125,professors
126,interests
127,academic
128,articles
129,spear
130,email
131,targets
132,email
133,appeared
134,professors
135,tricked
136,recorded
137,keystrokes
138,signed
139,thought
140,actuality
141,bogus
142,controlled
143,addition
144,spearphishing
145,began
146,targeting
147,federal
148,agencies
149,collected
150,lists
151,mail
152,searches
153,guessed
154,hoping
155,changed
156,default
157,company
158,ones
159,password123
160,fbi
161,bowdich
162,notified
163,minimize
164,impact
165,mark
166,orlando
167,chief
168,officer
169,raytheon
170,shocking
171,email
172,professors
173,liked
174,targets
175,collected
176,mail
177,guessed
178,uk
179,national
180,centre
181,ncsc
182,monday
183,joined
184,condemning
185,alleged
186,particularly
187,relating
188,uk
189,uk
190,government
191,judges
192,mabna
193,institute
194,iran
195,responsible
196,hacking
197,targeting
198,intellectual
199,property
200,attempted
201,money
202,technological
203,expense
204,foreign
205,office
206,minister
207,tariq
208,ahmad
209,friday
210,iran
211,foreign
212,ministry
213,condemned
214,sanctions
215,indubitably
216,ploys
217,stop
218,prevent
219,iranian
220,scientific
221,progress
222,bahram
223,qassemi
224,iran
225,foreign
226,ministry
227,tensions
228,heating
229,iran
230,fireeye
231,claimed
232,iranian
233,apt33
234,cyberespionage
235,spear
236,targeting
237,aerospace
238,petrochemical
239,energy
240,sector
241,firms
242,saudi
243,arabia
244,south
245,korea
246,moving
247,forward
248,institutions
249,prioritize
250,proper
251,practices
252,cyberespionage
253,practices
254,ramp
255,orlando
256,nation
257,anyone
258,anything
259,infiltrate
260,institutions
261,infrastructure
262,clear
263,everyone
264,serious
265,hygiene
266,realize
267,target
268,orlando
