,0
0,clever
1,enlists
2,google
3,translate
4,spoof
5,skip
6,google
7,facebook
8,scam
9,rise
10,tricky
11,scam
12,targeting
13,facebook
14,google
15,hides
16,google
17,translate
18,email
19,scoop
20,facebook
21,google
22,hides
23,novel
24,google
25,translate
26,target
27,google
28,facebook
29,usernames
30,akamai
31,posted
32,analysis
33,tricky
34,twist
35,events
36,scam
37,evades
38,burying
39,google
40,translate
41,meaning
42,sees
43,google
44,input
45,putting
46,pressure
47,larry
48,cashdollar
49,akamai
50,interesting
51,google
52,translate
53,targets
54,google
55,cashdollar
56,noticed
57,jan
58,email
59,notification
60,phone
61,informed
62,him
63,google
64,accessed
65,message
66,titled
67,alert
68,features
69,image
70,branded
71,google
72,signed
73,google
74,email
75,consult
76,below
77,message
78,email
79,expand
80,interestingly
81,message
82,looked
83,condensed
84,mobile
85,desktop
86,title
87,email
88,apparent
89,closer
90,email
91,cashdollar
92,alert
93,facebook_secur
94,hotmail
95,triggered
96,suspicions
97,firstly
98,email
99,hotmail
100,raising
101,flags
102,entire
103,nothing
104,google
105,referencing
106,facebook
107,usually
108,works
109,aware
110,paying
111,attention
112,conducting
113,throw
114,game
115,ll
116,fear
117,curiosity
118,false
119,authority
120,question
121,situation
122,later
123,consult
124,cashdollar
125,brought
126,appeared
127,google
128,prompting
129,him
130,google
131,thing
132,stuck
133,loading
134,google
135,translate
136,google
137,translate
138,webpages
139,facebook
140,google
141,translate
142,expand
143,google
144,translate
145,helps
146,hide
147,importantly
148,sees
149,google
150,cases
151,criminal
152,endpoint
153,defenses
154,cashdollar
155,google
156,translate
157,bar
158,filled
159,random
160,inspection
161,mediacity
162,translated
163,luckily
164,obfuscation
165,enjoy
166,success
167,mobile
168,near
169,perfect
170,clone
171,google
172,older
173,fails
174,completely
175,viewed
176,cashdollar
177,fail
178,notice
179,flags
180,regarding
181,username
182,collected
183,emailed
184,aware
185,blocked
186,question
187,levels
188,google
189,spokesperson
190,spokesperson
191,urged
192,encounter
193,facebook
194,didn
195,stop
196,twice
197,forwarding
198,purports
199,facebook
200,mobile
201,rise
202,fell
203,scam
204,cashdollar
205,becoming
206,knows
207,gained
208,try
209,google
210,facebook
211,flags
212,older
213,facebook
214,mobile
215,suggests
216,old
217,widely
218,circulated
219,collection
220,commonly
221,sold
222,traded
223,underground
224,forums
225,cashdollar
226,despite
227,mistakes
228,stages
229,suggest
230,certain
231,sophistication
232,google
233,translate
234,adding
235,legitimacy
236,obfuscation
237,mobile
238,uncommon
239,target
240,brands
241,session
242,scam
243,rise
244,continued
245,grow
246,scam
247,scam
248,updating
249,trickier
250,google
251,translate
252,expand
253,respondents
254,experienced
255,surprise
256,led
257,hacks
258,whether
259,hijacking
260,spotify
261,breaches
262,san
263,diego
264,unified
265,school
266,district
267,increased
268,respondents
269,experienced
270,voice
271,social
272,engineering
273,phone
274,social
275,engineering
276,texts
277,collect
278,experienced
