,0
0,darkhydrus
1,targets
2,middle
3,east
4,darkhydrus
5,phishery
6,government
7,entities
8,educational
9,institutions
10,middle
11,east
12,mounted
13,newly
14,named
15,darkhydrus
16,twist
17,norm
18,phishery
19,carry
20,dark
21,follow
22,worn
23,pattern
24,palo
25,alto
26,networks
27,unit
28,spear
29,email
30,microsoft
31,office
32,attachedtemplate
33,load
34,template
35,attempting
36,load
37,template
38,microsoft
39,office
40,display
41,dialog
42,box
43,ask
44,posting
45,entered
46,darkhydrus
47,collect
48,approach
49,cert
50,darkhydrus
51,phishery
52,though
53,driving
54,phishery
55,phishery
56,capable
57,injecting
58,template
59,hosts
60,gather
61,entered
62,dialog
63,boxes
64,words
65,turn
66,solution
67,kinds
68,thanks
69,shown
70,offensives
71,unite
72,tried
73,themselves
74,enabling
75,replicate
76,template
77,path
78,phishery
79,weaponized
80,unit
81,confirm
82,phishery
83,opened
84,darkhydrus
85,presented
86,dialog
87,box
88,entered
89,fakename
90,fakepass
91,pressed
92,phishery
93,receiving
94,inbound
95,capturing
96,unit
97,spear
98,middle
99,eastern
100,government
101,entities
102,powershell
103,dubbed
104,roguerobin
105,excel
106,query
107,novel
108,detailed
109,unit
110,attributed
111,darkhydrus
112,infrastructure
113,analysis
114,turns
115,roguerobin
116,backdoors
117,targeting
118,machines
119,cobbled
120,together
121,snippets
122,invoke
123,obfuscation
124,obfuscate
125,powershell
126,thus
127,pattern
128,phishery
129,dark
130,hydrus
131,reliance
132,conduct
133,tricky
134,starting
135,unit
136,began
137,seeing
138,email
139,arriving
140,targets
141,boxes
142,line
143,project
144,offer
145,confronted
146,empty
147,obscured
148,dialog
149,box
150,fill
151,remains
152,empty
153,empty
154,prompt
155,targeting
156,thinking
157,necessary
158,contents
159,unit
160,legit
161,subdomain
162,cited
163,dialog
164,box
165,targeting
166,entity
167,outlook
168,behavior
169,net
170,resembles
171,microsoft
172,outlook
173,provides
174,email
175,less
176,unite
177,notice
178,dialog
179,states
180,connecting
181,habitually
182,interestingly
183,unlike
184,empty
185,displayed
186,pertinent
187,targeting
188,organization
189,employee
190,survey
191,infrastructure
192,resolved
193,darkhydrus
194,linking
195,together
196,carried
197,suggests
198,darkhydrus
199,carrying
200,almost
201,analysts
202,darkhydrus
203,itself
204,newly
205,named
206,organized
207,focused
208,longer
209,telemetry
210,uncover
211,artifacts
212,leading
213,playbook
214,early
215,unit
