,0
0,coronavirus
1,relief
2,spike
3,government
4,assistance
5,covid
6,spate
7,promised
8,relief
9,coronavirus
10,pandemic
11,reality
12,swiped
13,card
14,upward
15,surge
16,social
17,engineering
18,email
19,promise
20,relief
21,coronavirus
22,pandemic
23,slew
24,piggy
25,news
26,governments
27,mulling
28,relief
29,packages
30,economic
31,stall
32,brought
33,consumers
34,social
35,distance
36,themselves
37,continuing
38,newest
39,developments
40,coronavirus
41,saga
42,targeting
43,email
44,spreading
45,promise
46,payments
47,governments
48,businesses
49,specifically
50,institutions
51,easing
52,economic
53,impact
54,pandemic
55,urge
56,analysis
57,primarily
58,targeting
59,healthcare
60,higher
61,education
62,organization
63,industry
64,company
65,message
66,purporting
67,payroll
68,departments
69,email
70,titled
71,general
72,payroll
73,explain
74,trump
75,administration
76,considering
77,american
78,adults
79,stimulate
80,economy
81,coronavirus
82,trump
83,administration
84,considering
85,american
86,adults
87,efforts
88,stimulate
89,economy
90,workers
91,whose
92,jobs
93,disrupted
94,business
95,closures
96,pandemic
97,message
98,staff
99,faculty
100,employee
101,student
102,expected
103,email
104,payroll
105,adjustment
106,benefit
107,email
108,plenty
109,flags
110,crude
111,design
112,clear
113,grammatical
114,spelling
115,errors
116,above
117,message
118,basic
119,clearly
120,branded
121,maker
122,message
123,email
124,benefit
125,directs
126,usernames
127,email
128,tied
129,employee
130,benefits
131,coronavirus
132,pointed
133,australia
134,australia
135,email
136,claiming
137,major
138,australian
139,newspaper
140,line
141,government
142,announces
143,increased
144,tax
145,benefits
146,coronavirus
147,email
148,message
149,pdf
150,embedded
151,leads
152,input
153,microsoft
154,onedrive
155,email
156,targeting
157,manufacturing
158,transportation
159,healthcare
160,aerospace
161,retail
162,energy
163,business
164,hospitality
165,company
166,email
167,claim
168,major
169,unnamed
170,kingdom
171,bank
172,offers
173,singapore
174,dollars
175,approximately
176,usd
177,tells
178,start
179,claim
180,money
181,leads
182,controlled
183,credit
184,card
185,coronavirus
186,attackanother
187,smaller
188,targets
189,organization
190,purporting
191,organization
192,international
193,monetary
194,fund
195,imf
196,email
197,line
198,covid
199,relief
200,compensation
201,tells
202,randomly
203,selected
204,compensated
205,financially
206,outbreak
207,covid
208,epidemic
209,outbreak
210,learn
211,microsoft
212,excel
213,branded
214,gathers
215,email
216,coronavirus
217,cyberattacks
218,panic
219,pandemic
220,continues
221,booby
222,trapped
223,stuffing
224,scam
225,email
226,playing
227,fears
228,coronavirus
229,pandemic
230,zeus
231,sphinx
232,joining
233,growing
234,fray
235,covid
236,malspam
237,government
238,assistance
239,shift
240,coronavirus
241,message
242,truly
243,social
244,engineering
245,underscore
246,paying
247,attention
248,developments
249,anticipate
250,modifying
251,strategies
252,news
253,surrounding
254,covid
255,shifts
