,0
0,fbi
1,warns
2,spike
3,fbi
4,public
5,advisory
6,reports
7,spoofing
8,email
9,involving
10,forms
11,federal
12,bureau
13,investigation
14,businesses
15,spike
16,requesting
17,payroll
18,personnel
19,advisory
20,fbi
21,reports
22,spoofing
23,email
24,involving
25,forms
26,email
27,coming
28,irs
29,tax
30,filing
31,season
32,staffers
33,social
34,scam
35,variations
36,irs
37,tax
38,targeting
39,indicating
40,tax
41,fbi
42,advisory
43,fbi
44,scam
45,executive
46,inside
47,targeting
48,organization
49,seeks
50,obtain
51,hr
52,professional
53,separately
54,internal
55,revenue
56,advisory
57,scam
58,emerged
59,dangerous
60,email
61,tax
62,community
63,irs
64,cases
65,irs
66,fraudsters
67,acquired
68,workforce
69,immediately
70,followed
71,wire
72,transfer
73,nature
74,scam
75,irs
76,businesses
77,organization
78,realize
79,days
80,weeks
81,scammed
82,scam
83,evolve
84,ll
85,ramp
86,major
87,expect
88,receive
89,until
90,tax
91,troy
92,gill
93,manager
94,appriver
95,precautions
96,start
97,basic
98,practices
99,hygiene
100,terms
101,email
102,goes
103,practice
104,unknown
105,safeguard
106,businesses
107,maintain
108,preferably
109,electronic
110,vendor
111,authorized
112,approve
113,changes
114,instructions
115,suggests
116,fbi
117,businesses
118,delay
119,transactions
120,until
121,verifications
122,performed
123,having
124,staff
125,wait
126,contacted
127,bank
128,wire
129,transfer
130,scam
131,increasing
132,overall
133,irs
134,reports
135,regarding
136,scam
137,jumped
138,approximately
139,compared
140,slightly
141,irs
142,employers
143,victimized
144,translated
145,identities
