,0
0,office
1,leverages
2,validation
3,microsoft
4,office
5,office
6,typed
7,apis
8,apis
9,validate
10,office
11,apis
12,application
13,running
14,behalf
15,prashanth
16,arun
17,head
18,science
19,office
20,requires
21,application
22,registrations
23,apis
24,registrations
25,require
26,email
27,seamless
28,configuration
29,application
30,requires
31,specify
32,receive
33,info
34,arun
35,apis
36,cross
37,executive
38,enterprise
39,organization
40,azure
41,ad
42,microsoft
43,proprietary
44,administrators
45,manage
46,apis
47,azure
48,ad
49,immediate
50,feedback
51,respond
52,intelligently
53,immediately
54,aware
55,live
56,him
57,ingratiate
58,himself
59,remediation
60,email
61,targeting
62,executive
63,unnamed
64,company
65,american
66,named
67,innovative
68,company
69,email
70,employee
71,line
72,ach
73,debit
74,mimicking
75,internal
76,friday
77,evening
78,guard
79,webinar
80,promo
81,bug
82,bounty
83,register
84,targeting
85,company
86,changed
87,target
88,public
89,email
90,aware
91,change
92,leading
93,targeting
94,limited
95,careful
96,timing
97,email
98,friday
99,evening
100,suggests
101,carefully
102,crafted
103,estimates
104,show
105,odd
106,visits
107,globally
108,beginning
109,sparse
110,scam
111,targeting
112,spray
113,pray
114,email
115,enclosed
116,remittance
117,thank
118,business
119,points
120,looks
121,office
122,identical
123,office
124,username
125,pre
126,entered
127,standard
128,message
129,accessing
130,info
131,cross
132,checking
133,entered
134,azure
135,logs
136,show
137,immediate
138,corresponding
139,xhr
140,requests
141,performed
142,webpage
143,special
144,adoption
145,apis
146,adversaries
147,arun
148,stressed
149,email
150,zoom
151,fails
152,microsoftonline
153,hide
154,failed
155,office
156,entered
157,empty
158,short
159,forced
160,retry
161,verified
162,nature
163,updating
164,dummy
165,failed
166,provo
167,utah
168,azure
169,expected
170,attempted
171,endpoint
172,sends
173,investigation
174,teenagemoglen
175,alibaba
176,singapore
177,registrar
178,unifiedlayer
179,company
180,india
181,datacenter
182,provo
183,utah
184,states
185,copied
186,none
187,engagement
188,visitor
