,0
0,office
1,hides
2,microsoft
3,outlook
4,phishpoint
5,impacted
6,office
7,globally
8,detected
9,mainly
10,targets
11,office
12,harvest
13,dubbed
14,phishpoint
15,spread
16,email
17,invitation
18,collaborate
19,snatches
20,phishpoint
21,marks
22,evolution
23,beyond
24,email
25,harvest
26,office
27,avanan
28,expand
29,impacted
30,avanan
31,office
32,estimate
33,percentage
34,applies
35,office
36,globally
37,michael
38,landewe
39,founder
40,avanan
41,sharp
42,spike
43,weeks
44,ago
45,larger
46,pre
47,mass
48,careful
49,avanan
50,receives
51,email
52,email
53,harvested
54,previous
55,purchased
56,landewe
57,message
58,purports
59,standard
60,invitation
61,collaborate
62,hyperlink
63,email
64,automatically
65,impersonates
66,standard
67,onedrive
68,onedrive
69,hyperlink
70,reality
71,directs
72,spoofing
73,office
74,screen
75,harvested
76,hacker
77,specifically
78,targets
79,office
80,landewe
81,entered
82,office
83,none
84,wiser
85,upload
86,invite
87,expand
88,office
89,scan
90,email
91,bodies
92,blacklisted
93,email
94,leads
95,microsoft
96,identify
97,crux
98,microsoft
99,scanning
100,goes
101,deep
102,scanning
103,email
104,body
105,identify
106,microsoft
107,scan
108,shared
109,presents
110,clear
111,propagate
112,microsoft
113,scan
114,challenge
115,couldn
116,blacklisted
117,blacklisting
118,blacklisted
119,easily
120,uploading
121,microsoft
122,spokesperson
123,contrary
124,avanan
125,marketing
126,claims
127,layered
128,defenses
129,office
130,detect
131,encourage
132,authenticity
133,prior
134,email
135,senders
136,recognize
137,visiting
138,unsecure
139,company
140,targeting
141,fortune
142,company
143,company
144,europe
145,landewe
146,adopt
147,spam
148,increasing
149,accordingly
150,lab
151,spam
152,email
153,remains
154,quarter
155,amount
156,spam
157,peaked
158,average
159,spam
160,email
161,traffic
162,worldwide
163,themselves
164,basic
165,good
166,practices
167,company
168,aware
169,email
170,line
171,capitalizes
172,buzzwords
173,workplace
174,stress
175,urgent
176,required
177,staying
178,show
179,body
180,email
