,0
0,spear
1,spoofing
2,email
3,lisa
4,vaas
5,spoofing
6,email
7,targeting
8,close
9,inboxes
10,slipping
11,spam
12,office
13,google
14,workspace
15,exchange
16,cisco
17,esa
18,spoofs
19,email
20,coming
21,weirdly
22,looks
23,baptist
24,religion
25,thefullgospelbaptist
26,deprecated
27,old
28,baptist
29,fullgospelbaptist
30,org
31,religious
32,organization
33,established
34,email
35,targeting
36,close
37,inboxes
38,slipped
39,embedded
40,spam
41,office
42,google
43,workspace
44,exchange
45,cisco
46,esa
47,infosec
48,insiders
49,newsletter
50,god
51,message
52,hapless
53,spoofing
54,email
55,try
56,presumably
57,unholy
58,onto
59,targeting
60,range
61,company
62,sectors
63,local
64,government
65,education
66,healthcare
67,energy
68,selectively
69,mix
70,executives
71,cross
72,departmental
73,cherry
74,picking
75,targets
76,careful
77,select
78,employee
79,department
80,probably
81,forestall
82,hey
83,weird
84,email
85,chat
86,officemates
87,bogus
88,email
89,player
90,email
91,encryption
92,market
93,right
94,cisco
95,micro
96,sophos
97,norton
98,lifelock
99,et
100,al
101,building
102,recognition
103,alone
104,helps
105,email
106,pass
107,sniff
108,rightfully
109,flunk
110,beyond
111,alone
112,email
113,gamut
114,traditional
115,pass
116,eye
117,tests
118,unsuspecting
119,social
120,engineering
121,exploiting
122,baptist
123,replication
124,existing
125,workflows
126,header
127,message
128,email
129,body
130,header
131,reiterates
132,title
133,tells
134,intended
135,received
136,message
137,message
138,email
139,instructs
140,email
141,spoofing
142,message
143,provided
144,screenshots
145,genuine
146,message
147,spoofing
148,message
149,notification
150,below
151,interfaces
152,aren
153,identical
154,close
155,unsuspecting
156,email
157,spoofing
158,message
159,notification
160,screenshot
161,genuine
162,message
163,template
164,satan
165,wants
166,select
167,message
168,message
169,email
170,trigger
171,attempted
172,named
173,securemessage
174,couldn
175,virtual
176,machine
177,vm
178,redirect
179,appeared
180,fortunately
181,blockers
182,erecting
183,block
184,prevent
185,preferred
186,prey
187,goes
188,examples
189,sled
190,local
191,government
192,education
193,businesses
194,counts
195,experienced
196,wherein
197,targets
198,cfo
199,marketing
200,professor
201,phishers
202,went
203,wellness
204,company
205,targeting
206,vice
207,president
208,finance
209,president
210,utility
211,email
212,alias
213,member
214,company
215,why
216,seemingly
217,random
218,spread
219,theorized
220,deliberately
221,chosen
222,departments
223,good
224,mix
225,leadership
226,individual
227,contributors
228,gone
229,tend
230,turn
231,receive
232,email
233,slippery
234,summed
235,spoofing
236,email
237,traditional
238,email
239,watchful
240,eyes
241,social
242,engineering
243,email
244,title
245,design
246,induce
247,sense
248,urgency
249,sense
250,email
251,claimed
252,company
253,sense
254,urgency
255,claimed
256,message
257,eager
258,context
259,leverages
260,curiosity
261,effect
262,cognitive
263,bias
264,refers
265,innate
266,desire
267,resolve
268,uncertainty
269,email
270,somebody
271,bothered
272,encrypt
273,pique
274,curiosity
275,advisor
276,curiosity
277,effect
278,desire
279,resolve
280,uncertainty
281,shown
282,cognitive
283,biases
284,exploited
285,appearing
286,impersonation
287,email
288,stylings
289,disclaimers
290,email
291,perfect
292,replica
293,thing
294,bears
295,resemblance
296,email
297,dangerous
298,exploiting
299,parent
300,email
301,deprecated
302,old
303,thefullgospelbaptist
304,helped
305,email
306,checks
307,abhishek
308,iyer
309,monday
310,unrelated
311,email
312,tricking
313,bypassing
314,checks
315,tricking
316,spoofing
317,thing
318,came
319,verizon
320,wiccan
321,coven
322,amazon
323,email
324,blomma
325,flicka
326,flowers
327,floral
328,design
329,company
330,vermont
331,lift
332,guise
333,amazon
334,notices
335,whether
336,email
337,intent
338,protection
339,block
340,iyer
341,email
342,needless
343,baptist
344,organization
345,nothing
346,continued
347,usually
348,exploit
349,vulnerabilities
350,management
351,cms
352,admins
353,knowing
354,replicating
355,existing
356,workflows
357,context
358,email
359,replicates
360,workflows
361,exist
362,daily
363,lives
364,email
365,notifications
366,email
367,brains
368,tend
369,employ
370,thinking
371,quick
372,email
373,filled
374,feeling
375,legitimacy
376,chances
377,follow
378,thinking
379,reference
380,daniel
381,kahneman
382,book
383,thinking
384,fast
385,slow
386,delves
387,brains
388,processing
389,decision
390,automatic
391,unconscious
392,fast
393,mode
394,thinking
395,offering
396,little
397,rationale
398,actions
399,thinking
400,inboxes
401,slow
402,methodical
403,analytical
404,mode
405,thinking
406,skeptical
407,rational
408,default
409,training
410,programs
411,require
412,operate
413,mode
414,thinking
415,encouraging
416,email
417,receive
418,co
419,founder
420,arjun
421,sambamoorthy
422,recommended
423,harder
424,spot
425,column
426,infosec
427,insider
428,series
429,troy
430,gill
431,manager
432,discussed
433,scooped
434,nefarious
435,sorts
436,thoughts
437,fall
438,increasingly
439,sophisticated
440,spoofing
441,email
442,everyone
443,wants
444,wouldn
445,fall
446,typical
447,scam
448,truth
449,intrusion
450,harder
451,spot
452,savvy
453,build
454,trickier
455,spear
456,strategies
457,rely
458,deceitful
459,tricks
460,catch
461,discerning
462,unaware
463,troy
464,gill
465,infosec
466,insider
467,column
468,business
469,provided
470,guidance
471,recommendations
472,keep
473,phishers
474,bay
475,augment
476,native
477,email
478,spoofing
479,email
480,got
481,office
482,google
483,workspace
484,exchange
485,cisco
486,esa
487,recommended
488,better
489,protection
490,coverage
491,email
492,spear
493,business
494,email
495,organization
496,augment
497,built
498,email
499,layers
500,materially
501,approach
502,screenshot
503,below
504,spoofing
505,email
506,spam
507,confidence
508,scl
509,score
510,microsoft
511,outlines
512,matrix
513,spam
514,confidence
515,scl
516,exchange
517,online
518,protection
519,rating
520,message
521,skipped
522,spam
523,filtering
524,delivered
525,assumed
526,safe
527,safe
528,email
529,email
530,scl
531,score
532,skipped
533,microsoft
534,spam
535,watch
536,social
537,engineering
538,cues
539,email
540,providers
541,brains
542,trained
543,quickly
544,requested
545,actions
546,easier
547,done
548,engage
549,email
550,rational
551,methodical
552,manner
553,whenever
554,recommended
555,email
556,eye
557,inspecting
558,email
559,email
560,logical
561,inconsistencies
562,email
563,why
564,leading
565,why
566,email
567,organization
568,follow
569,mfa
570,management
571,practices
572,workplace
573,closely
574,interlinked
575,prove
576,dangerous
577,email
578,partners
579,acquaintances
580,family
581,members
582,recommendations
583,haven
584,implement
585,hygiene
586,practices
587,deploy
588,multi
589,mfa
590,business
591,management
592,lastpass
593,store
594,tie
595,publicly
596,birth
597,anniversary
598,etc
599,repeat
600,generic
601,password123
602,yourname123
603,etc
