,0
0,docusign
1,hancitor
2,downloader
3,tom
4,spring
5,docusign
6,warns
7,subsequent
8,theft
9,email
10,employs
11,macro
12,laced
13,electronic
14,exchange
15,vendor
16,docusign
17,monday
18,wave
19,email
20,targeting
21,tied
22,networks
23,temporary
24,exfiltrate
25,undisclosed
26,email
27,docusign
28,business
29,physical
30,social
31,credit
32,card
33,email
34,spoofing
35,docusign
36,hyperlink
37,macro
38,macro
39,enabled
40,delivers
41,hancitor
42,downloader
43,hancitor
44,pony
45,evilpony
46,zloader
47,gregor
48,perotto
49,marketing
50,communications
51,docusign
52,lull
53,distribution
54,spam
55,spreading
56,hancitor
57,dry
58,spell
59,ended
60,sans
61,storm
62,center
63,sharp
64,spam
65,macros
66,enabled
67,hancitor
68,docusign
69,email
70,began
71,company
72,docusign
73,began
74,tracking
75,email
76,featured
77,line
78,completed
79,docusign
80,wire
81,transfer
82,instructions
83,ready
84,signature
85,monday
86,docusign
87,reached
88,informing
89,continuing
90,track
91,email
92,line
93,changed
94,completed
95,company
96,accounting
97,ready
98,signature
99,company
100,email
101,downloadable
102,hancitor
103,spoofing
104,email
105,docusign
106,docusign
107,net
108,docusign
109,investigation
110,today
111,confirmed
112,gained
113,temporary
114,separate
115,core
116,communicate
117,announcements
118,email
119,complete
120,forensic
121,analysis
122,confirmed
123,email
124,accessed
125,physical
126,social
127,credit
128,card
129,accessed
130,company
131,reiterated
132,impact
133,privacy
134,docusign
135,esignature
136,encouraging
137,receive
138,email
139,forward
140,spam
141,docusign
142,unknown
143,docusign
144,email
145,experts
146,incidents
147,macro
148,steadily
149,rise
150,enterprise
151,microsoft
152,reports
153,office
154,targeting
155,old
156,school
157,macro
158,macro
159,began
160,summer
161,increasingly
162,turning
163,office
164,macros
165,versus
166,traditional
167,exploit
