,0
0,microsoft
1,populate
2,swiping
3,email
4,microsoft
5,email
6,organization
7,migrate
8,office
9,outlook
10,teams
11,microsoft
12,swipe
13,almost
14,swipe
15,microsoft
16,office
17,enterprise
18,lineup
19,teams
20,collaboration
21,analyzed
22,millions
23,email
24,email
25,aiming
26,usernames
27,remainder
28,email
29,utilized
30,business
31,email
32,email
33,microsoft
34,relying
35,microsoft
36,email
37,ensuing
38,spoof
39,microsoft
40,organization
41,migrating
42,office
43,targeting
44,organization
45,undetected
46,recommend
47,organization
48,enable
49,multi
50,along
51,office
52,migration
53,implementation
54,microsoft
55,email
56,email
57,vary
58,straightforward
59,joe
60,wants
61,alert
62,normally
63,microsoft
64,microsoft
65,pretended
66,automated
67,message
68,microsoft
69,teams
70,telling
71,missed
72,teams
73,chat
74,reality
75,office
76,microsoft
77,examples
78,microsoft
79,credit
80,embedded
81,microsoft
82,office
83,email
84,businesses
85,efax
86,fax
87,receive
88,faxes
89,email
90,online
91,options
92,choose
93,commonly
94,email
95,email
96,maintain
97,broad
98,consumer
99,base
100,blocked
101,rules
102,beyond
103,targeting
104,microsoft
105,largest
106,category
107,generic
108,meaning
109,wasn
110,email
111,beyond
112,microsoft
113,collaboration
114,onedrive
115,office
116,cloud
117,google
118,google
119,forms
120,adobe
121,brands
122,cloud
123,adobe
124,dropbox
125,box
126,docusign
127,wetransfer
128,scour
129,deemed
130,business
131,email
132,gateway
133,proxy
134,finance
135,email
136,almost
137,email
138,transaction
139,microsoft
140,email
141,email
142,credit
143,email
144,relate
145,invoices
146,transactions
147,needed
148,involved
149,email
150,mailboxes
151,purport
152,electronic
153,funds
154,transfer
155,eft
156,email
157,carried
158,fairly
159,vanilla
160,line
161,transfer
162,notice
163,cloud
164,finance
165,teams
166,extreme
167,pressure
168,invoices
169,payments
170,timely
171,fashion
172,keep
173,business
174,running
175,quarter
176,reporting
177,hasn
178,heard
179,anything
180,email
181,interact
182,message
183,rise
184,guloader
185,guloader
186,dropper
187,rose
188,mechanisms
189,email
190,appeared
191,quarter
192,surged
193,quarter
194,administration
195,keyloggers
196,stealers
197,phenotypes
198,microsoft
199,email
200,quick
201,stats
202,enlarge
203,credit
204,email
205,targeting
206,mid
207,austria
208,germany
209,switzerland
210,excel
211,opened
212,macros
213,enabled
214,microsoft
215,excel
216,guloader
217,turn
218,hakbit
219,advanced
220,lucrative
221,utilize
222,sidestep
223,email
224,detections
225,false
226,instructions
227,thwart
228,analysis
229,wide
230,array
231,tricks
232,executing
233,virtual
234,sandbox
235,environments
236,store
237,payloads
238,cloud
239,google
240,microsoft
241,onedrive
242,frequently
243,blocked
244,guloader
245,executable
246,normally
247,deployed
248,weaponized
249,office
250,built
251,directly
252,guloader
253,continued
254,evolution
255,sophisticated
256,increasingly
257,useful
258,delivering
