,0
0,targeting
1,aiding
2,ukraine
3,refugees
4,nate
5,nelson
6,write
7,military
8,email
9,distribute
10,email
11,macros
12,eu
13,personnel
14,helping
15,ukrainians
16,cyberattackers
17,ukrainian
18,military
19,email
20,eu
21,government
22,involved
23,managing
24,logistics
25,refugees
26,fleeing
27,ukraine
28,ukraine
29,center
30,unprecedented
31,wave
32,cyberattacks
33,weeks
34,distributed
35,denial
36,ddos
37,organization
38,citizens
39,national
40,infrastructure
41,went
42,aides
43,eu
44,breaking
45,news
46,russian
47,invasion
48,ukraine
49,entice
50,targets
51,email
52,microsoft
53,excel
54,laced
55,attributed
56,ta445
57,aka
58,unc1151
59,ghostwriter
60,ta445
61,government
62,belarus
63,infosec
64,insiders
65,newsletter
66,coincided
67,russia
68,invasion
69,feb
70,nato
71,convened
72,emergency
73,meeting
74,regarding
75,impending
76,russian
77,invasion
78,ukraine
79,following
80,russia
81,invaded
82,ukraine
83,detected
84,email
85,rounds
86,accordance
87,decision
88,emergency
89,meeting
90,council
91,ukraine
92,dated
93,macros
94,enabled
95,microsoft
96,excel
97,xls
98,spreadsheet
99,titled
100,persons
101,xlsx
102,opened
103,delivered
104,sunseed
105,email
106,originated
107,ukr
108,net
109,ukrainian
110,military
111,email
112,oddly
113,trace
114,publicly
115,procurement
116,stihl
117,lawn
118,mower
119,purchased
120,військова
121,частина
122,а2622
123,military
124,unit
125,chernihiv
126,ukraine
127,exactly
128,obtained
129,military
130,email
131,clear
132,targeting
133,european
134,government
135,personnel
136,involved
137,managing
138,outflux
139,refugees
140,ukraine
141,though
142,targets
143,possessed
144,range
145,expertise
146,professional
147,responsibilities
148,clear
149,preference
150,targeting
151,responsibilities
152,transportation
153,budget
154,allocation
155,administration
156,population
157,movement
158,europe
159,goal
160,targeting
161,regarding
162,logistics
163,surrounding
164,movement
165,funds
166,supplies
167,nato
168,member
169,countries
170,tied
171,belarus
172,russia
173,extension
174,concrete
175,evidence
176,definitively
177,tie
178,bevy
179,similarities
180,targeting
181,defense
182,company
183,utilized
184,macro
185,laden
186,xls
187,msi
188,packages
189,install
190,lua
191,lua
192,programming
193,sunseed
194,coded
195,similarly
196,utilized
197,government
198,basis
199,social
200,engineering
201,participants
202,briefing
203,xls
204,bears
205,striking
206,resemblance
207,furthermore
208,lua
209,nearly
210,identical
211,uri
212,beacon
213,sunseed
214,sample
215,composed
216,partition
217,serial
218,analysis
219,cryptography
220,calls
221,samples
222,revealed
223,wix
224,utilized
225,msi
226,packages
227,overlaps
228,allowed
229,conclude
230,moderate
231,confidence
232,perpetrated
233,ta445
234,mandiant
235,minsk
236,connected
237,belarusian
238,military
239,conducts
240,business
241,interests
242,belarusian
243,government
244,belarus
245,close
246,ally
247,russia
248,concluded
249,disclaimer
250,balancing
251,responsible
252,reporting
253,quickest
254,disclosure
255,actionable
256,onset
257,hybrid
258,conflict
259,accelerated
260,pace
261,reduced
262,amount
263,defenders
264,answer
265,deeper
266,questions
267,attribution
268,historical
269,correlation
270,nation
271,operators
272,ukraine
273,unprecedented
274,targeting
275,worst
276,ukraine
277,oriented
278,cyberattack
279,weeks
280,days
281,utilized
282,groundbreaking
283,individually
284,deployed
285,collectively
286,high-ranking
287,tempo
288,conflict
289,possess
290,capability
291,quite
292,thomas
293,stoesser
294,comforte
295,ag
296,email
297,ruthless
298,clever
299,adapting
300,existing
301,social
302,engineering
303,situation
304,underscores
305,points
306,enterprise
307,heed
308,educate
309,sporadically
310,social
311,engineering
312,company
313,premium
314,treating
315,email
316,healthy
317,skepticism
318,enterprise
319,perimeter
320,feel
321,impenetrable
322,vault
323,stored
324,foolproof
325,register
326,today
327,log4j
328,exploit
329,lessons
330,learned
331,reduction
332,practices
333,live
334,sked
335,thurs
336,et
337,join
338,sonatype
339,expert
340,justin
341,young
342,helps
343,sharpen
344,hunting
345,skills
346,reduce
347,dwell
348,learn
349,why
350,log4j
351,dangerous
352,sboms
353,fit
354,supply
355,register
356,sponsored
357,sonatype
