,0
0,silent
1,librarian
2,retools
3,email
4,hook
5,student
6,silent
7,librarian
8,retool
9,skip
10,school
11,tricks
12,silent
13,librarian
14,cyberattackers
15,switching
16,scheme
17,bent
18,student
19,silent
20,librarian
21,targeting
22,students
23,force
24,revamped
25,aiming
26,student
27,tricks
28,bring
29,credibility
30,email
31,helping
32,ta407
33,cobalt
34,dickens
35,operates
36,iran
37,prowl
38,start
39,school
40,launching
41,low
42,volume
43,targeting
44,socially
45,engineered
46,email
47,eventually
48,students
49,handing
50,show
51,cyberattackers
52,shortened
53,email
54,difficult
55,detect
56,revamped
57,banners
58,weather
59,alerts
60,emergency
61,notifications
62,authentic
63,changes
64,shorteners
65,linking
66,practices
67,described
68,ta407
69,activities
70,increasingly
71,difficult
72,defenders
73,demonstrate
74,adaptability
75,innovation
76,enabled
77,billions
78,dollars
79,losses
80,terms
81,intellectual
82,property
83,theft
84,resale
85,journal
86,subscriptions
87,analysis
88,school
89,start
90,message
91,students
92,lines
93,renewal
94,loaned
95,items
96,library
97,purporting
98,school
99,administration
100,library
101,message
102,spoofing
103,targeting
104,directed
105,looks
106,identical
107,spoofing
108,library
109,resource
110,browsers
111,stored
112,locally
113,pass
114,txt
115,spoofing
116,email
117,silent
118,librarian
119,silent
120,librarian
121,targeting
122,australia
123,canada
124,hong
125,kong
126,switzerland
127,kingdom
128,states
129,cropped
130,ramping
131,weeks
132,freenom
133,appearing
134,historically
135,employed
136,series
137,origin
138,points
139,abusing
140,ta407
141,extensive
142,freenom
143,abuses
144,compromising
145,spreading
146,school
147,school
148,tricks
149,silent
150,librarian
151,cyberattackers
152,updated
153,utilize
154,email
155,email
156,silent
157,librarian
158,historically
159,cyberattackers
160,shortening
161,redirection
162,discontinued
163,google
164,shortening
165,ir
166,short
167,apparent
168,experimentation
169,shorteners
170,discontinuation
171,google
172,goo
173,gl
174,organization
175,stand
176,shortening
177,students
178,staff
179,academic
180,journal
181,paper
182,deep
183,structure
184,easily
185,relying
186,bit
187,ly
188,nature
189,gives
190,clue
191,goo
192,gl
193,abc123
194,flags
195,school
196,short
197,looks
198,school
199,edu
200,abc123
201,chris
202,dawson
203,lead
204,targeting
205,mask
206,true
207,destination
208,increasing
209,likelihood
210,dawson
211,ta407
212,shortened
213,demonstrates
214,adaptability
215,enabled
216,billions
217,dollars
218,losses
219,terms
220,intellectual
221,property
222,theft
223,resale
224,journal
225,subscriptions
226,email
227,silent
228,librarian
229,silent
230,librarian
231,publicized
232,downtime
233,weather
234,alerts
235,events
236,add
237,credibility
238,spoofing
239,weather
240,notification
241,banners
242,mimic
243,notification
244,manifests
245,wording
246,appearance
247,occasionally
248,observe
249,outdated
250,clone
251,previous
252,target
253,suggesting
254,inconsistent
255,updates
256,coincidental
257,timing
258,clone
259,updates
260,ahead
261,recommend
262,remain
263,vigilant
264,prevent
265,losses
266,valuable
267,implementing
268,publicly
269,exposed
270,mitigate
271,overall
272,substantially
273,needed
