,0
0,delivers
1,accounting
2,invoices
3,tom
4,spring
5,banking
6,trojan
7,sophisticated
8,targeting
9,cloud
10,accounting
11,banking
12,trojan
13,sophisticated
14,targeting
15,cloud
16,accounting
17,experts
18,trustwave
19,wave
20,accounting
21,intuit
22,spoofing
23,message
24,originating
25,accounting
26,company
27,zealand
28,sells
29,cloud
30,accounting
31,medium
32,sized
33,businesses
34,message
35,downloading
36,zip
37,archives
38,launches
39,banking
40,steals
41,leaves
42,vulnerable
43,mercy
44,trustwave
45,fahim
46,abbasi
47,rodel
48,mendrez
49,coauthored
50,line
51,message
52,typically
53,billing
54,notifications
55,originating
56,email
57,displaying
58,xeronet
59,org
60,legit
61,business
62,china
63,aug
64,message
65,body
66,spoof
67,inquiry
68,requesting
69,follow
70,below
71,browsing
72,result
73,load
74,forces
75,zip
76,unzipping
77,zip
78,extracts
79,js
80,analysis
81,generic
82,downloader
83,executer
84,employs
85,microsoft
86,activex
87,object
88,msxml2
89,xmlhttp
90,object
91,arbitrary
92,receive
93,microsoft
94,xml
95,object
96,model
97,dom
98,parse
99,y739ayh
100,banking
101,trojan
102,trustwave
103,sophisticated
104,sample
105,capable
106,gathering
107,installed
108,application
109,preforms
110,wide
111,policy
112,settings
113,configuration
114,changes
115,explorer
116,registry
117,hook
118,benign
119,processes
120,whoami
121,net
122,executed
123,y739ayh
124,performs
125,hollowing
126,inject
127,creates
128,suspended
129,target
130,processes
131,svchost
132,spoolsv
133,api
134,createprocessinternalw
135,written
136,main
137,executable
138,y739ayh
139,deleted
140,probes
141,gathering
142,privilege
143,integrity
144,built
145,commands
146,whoami
147,net
148,saves
149,result
150,tmp
151,dropped
152,temp
153,folder
154,later
155,ex
156,filtrated
157,stored
158,xml
159,format
160,exfiltrated
161,nonstandard
162,ports
163,ssl
164,channels
165,banking
166,injecting
167,itself
168,browsers
169,firefox
170,chrome
171,explorer
172,monitors
173,browsing
174,steals
175,target
176,online
177,banks
178,listed
179,configuration
180,trustwave
181,banking
182,fluctuated
183,upswing
184,extended
185,hiatus
186,flashpoint
187,trojan
188,began
189,targeting
190,institutions
191,uac
192,ibm
193,force
194,v4
195,sample
196,sporting
197,injection
198,evading
199,atombombing
200,microsoft
201,patched
202,spread
203,banking
204,trojan
205,cases
206,focused
207,banks
208,institutions
209,targeting
210,follow
211,string
212,targeting
213,online
214,company
215,cases
216,email
217,microsoft
218,suggests
219,matching
220,whois
221,info
222,fresh
223,wave
224,began
225,aug
226,xeroaccounting
227,org
228,intuito
229,biz
230,quickbooks
231,biz
232,financialaccountant
233,info
234,myobaustralia
235,org
236,australiangovernments
237,btconnect
238,biz
239,drvenergy
240,emerged
241,landscape
242,exploit
243,associate
244,brands
245,mitigation
246,measure
247,email
248,message
249,unknown
250,abbasi
251,mendrez
