,0
0,threatlist
1,apple
2,adware
3,threaten
4,skip
5,apple
6,telemetry
7,apple
8,ecosystem
9,firmly
10,sights
11,touted
12,safer
13,front
14,compared
15,increasingly
16,targeting
17,apple
18,ecosystem
19,unwanted
20,programs
21,increasing
22,annually
23,exceeded
24,telemetry
25,pace
26,staying
27,steady
28,macs
29,trojan
30,downloader
31,shlayer
32,installs
33,adware
34,mainly
35,bnodlero
36,family
37,aim
38,thirst
39,pirated
40,try
41,search
42,watch
43,movie
44,tv
45,series
46,search
47,results
48,lead
49,flash
50,player
51,updates
52,shlayer
53,exception
54,shlayer
55,rest
56,filled
57,unwanted
58,belonging
59,adware
60,class
61,display
62,ads
63,notifications
64,banners
65,search
66,results
67,adware
68,samples
69,rounds
70,bnodlero
71,installs
72,ad
73,extensions
74,changes
75,default
76,search
77,engine
78,homepage
79,addition
80,install
81,extra
82,adware
83,pirrit
84,adware
85,family
86,meanwhile
87,goes
88,installs
89,proxy
90,machine
91,intercept
92,traffic
93,cimpli
94,adware
95,advanced
96,stealth
97,becoming
98,purposely
99,inactive
100,detects
101,installed
102,solution
103,families
104,attacking
105,trojan
106,spynion
107,trojan
108,vidsler
109,former
110,distributed
111,along
112,application
113,mainly
114,macupdate
115,versiontracker
116,softpedia
117,application
118,installed
119,component
120,installed
121,spynion
122,main
123,objective
124,monitor
125,transfer
126,intercepted
127,confidential
128,trojan
129,backdoor
130,functionality
131,remotely
132,connect
133,vidsler
134,meanwhile
135,distributed
136,banner
137,ad
138,pretext
139,requiring
140,video
141,codecs
142,video
143,player
144,terms
145,functionality
146,vidsler
147,shlayer
148,installs
149,runs
150,fkcodec
151,adware
152,family
153,variants
154,appeared
155,unknown
156,north
157,korea
158,lazarus
159,attacked
160,sector
161,company
162,extremely
163,dangerous
164,extremely
165,rare
166,targeting
167,ios
168,mainly
169,business
170,cybercriminal
171,groups
172,currently
173,develop
174,operating
175,likelihood
176,random
177,target
178,programs
179,extremely
180,institution
181,bank
182,macbook
183,iphone
184,chances
185,targeting
186,considerably
187,geographically
188,speaking
189,targeting
190,countries
191,remained
192,states
193,came
194,germany
195,came
196,france
197,came
198,apple
199,ids
200,beyond
201,kasperksy
202,detected
203,nearly
204,targeting
205,collected
206,suggests
207,definitely
208,growing
209,quite
210,rapidly
211,total
212,figure
213,grew
214,skyrocketed
215,continued
216,grow
217,crossing
218,mark
219,alone
220,committed
221,exceed
222,continues
223,visited
224,pretended
225,banking
226,portals
227,social
228,networks
229,came
230,rafts
231,mimic
232,apple
233,official
234,mention
235,mainly
236,target
237,apple
238,ids
239,gaining
240,apple
241,infrastructure
242,apple
243,ids
244,relatively
245,monetize
246,sold
247,perhaps
248,theft
249,dangerous
250,face
251,terms
252,balance
253,probability
254,damage
255,success
256,moreover
257,statistics
258,show
259,rise
260,near
261,future
262,usually
263,email
264,allegedly
265,apple
266,threatened
267,locked
268,unless
269,confirm
270,specified
271,email
272,thank
273,purchasing
274,apple
275,application
276,application
277,store
278,invited
279,learn
280,product
281,cancel
282,purchase
283,leads
284,required
285,apple
286,id
287,course
288,countries
289,largest
290,experienced
291,brazil
292,india
293,france
