,0
0,curiosity
1,kills
2,michael
3,mimoso
4,results
5,academic
6,experiment
7,reveal
8,facebook
9,message
10,regardless
11,amount
12,training
13,applied
14,prevention
15,message
16,supposedly
17,sources
18,trouble
19,online
20,academic
21,paper
22,collates
23,results
24,experiment
25,conducted
26,german
27,students
28,factors
29,contributing
30,willingness
31,message
32,email
33,facebook
34,message
35,experiment
36,described
37,paper
38,unpacking
39,spear
40,susceptibility
41,written
42,zinaida
43,benenson
44,freya
45,gassmann
46,robert
47,landwirth
48,friedrich
49,alexander
50,universitat
51,erlangen
52,nurnberg
53,universitat
54,des
55,saarlandes
56,germany
57,concludes
58,curiosity
59,reason
60,interact
61,contents
62,message
63,flies
64,face
65,decade
66,worth
67,training
68,dire
69,stories
70,nation
71,states
72,infiltrating
73,highest
74,levels
75,government
76,crafted
77,email
78,social
79,message
80,results
81,show
82,decisional
83,heuristics
84,relatively
85,misuse
86,targeting
87,defense
88,challenging
89,experiment
90,described
91,summer
92,talk
93,black
94,hat
95,conference
96,las
97,vegas
98,remains
99,reliable
100,gaining
101,foothold
102,internal
103,adept
104,spoofing
105,email
106,whom
107,message
108,crafted
109,understand
110,personalized
111,message
112,logo
113,familiar
114,target
115,inside
116,firewall
117,organization
118,results
119,presented
120,paper
121,indicate
122,phishers
123,hard
124,students
125,email
126,facebook
127,message
128,academic
129,experiment
130,message
131,promised
132,phony
133,pictures
134,phony
135,shown
136,denied
137,message
138,rates
139,recorded
140,background
141,facebook
142,email
143,comparable
144,genders
145,ages
146,hypothesis
147,message
148,reception
149,facebook
150,correlate
151,higher
152,success
153,rate
154,corroborated
155,hypotheses
156,described
157,paper
158,experiment
159,facebook
160,messaged
161,email
162,participants
163,ended
164,questions
165,opportunity
166,explain
167,why
168,frequent
169,reason
170,curiosity
171,participants
172,knew
173,pictures
174,cannot
175,interested
176,supposedly
177,funny
178,reason
179,sort
180,context
181,message
182,applied
183,possibility
184,knowing
185,someone
186,attended
187,fictional
188,posited
189,confident
190,existing
191,antivirus
192,reason
193,reasons
194,why
195,didn
196,frequently
197,opted
198,unknown
199,strong
200,assumption
201,message
202,skeptical
203,context
204,message
205,fit
206,experience
207,privacy
208,conscious
209,rule
210,regardless
211,susceptibility
212,facebook
213,certainly
214,stood
215,special
216,characteristics
217,facebook
218,informal
219,communication
220,acquaintance
221,message
222,plausible
223,handle
224,message
225,facebook
226,differently
227,email
228,contributing
229,scan
230,notifications
231,quickly
232,pay
233,attention
234,certain
235,email
236,academics
237,vigilance
238,unintended
239,consequences
240,examples
241,spam
242,invoices
243,extra
244,care
245,mean
246,misses
247,begin
248,negatively
249,affect
250,job
251,performance
252,circumstances
253,disregard
254,education
255,job
256,done
257,email
258,quickly
259,wasting
260,extra
261,checks
