,0
0,crooks
1,tap
2,google
3,firebase
4,fresh
5,google
6,firebase
7,google
8,cloud
9,convince
10,handing
11,series
12,google
13,firebase
14,surfaced
15,showing
16,reputation
17,google
18,cloud
19,infrastructure
20,dupe
21,skate
22,email
23,gateways
24,google
25,firebase
26,mobile
27,application
28,firebase
29,meanwhile
30,provides
31,uploads
32,firebase
33,application
34,firebase
35,api
36,company
37,store
38,google
39,cloud
40,bucket
41,starts
42,spam
43,email
44,encourage
45,firebase
46,inside
47,email
48,visit
49,promised
50,trustwave
51,fahim
52,abbasi
53,writing
54,analysis
55,targets
56,supposed
57,mainly
58,office
59,outlook
60,banking
61,application
62,prompted
63,course
64,directly
65,targeting
66,corporates
67,globally
68,abbasi
69,finding
70,smart
71,innovative
72,covertly
73,harvest
74,foothold
75,organization
76,agendas
77,innovative
78,firebase
79,google
80,cloud
81,capturing
82,webpages
83,protections
84,email
85,gateways
86,reputation
87,google
88,base
89,valid
90,karl
91,sigler
92,manager
93,spiderlabs
94,trustwave
95,cloud
96,infrastructure
97,rising
98,capitalize
99,reputation
100,valid
101,tend
102,immediately
103,flagged
104,circulating
105,globally
106,range
107,majority
108,hits
109,europe
110,australia
111,sigler
112,email
113,late
114,middle
115,samples
116,mid
117,piggy
118,backing
119,valid
120,cloud
121,days
122,invented
123,major
124,themes
125,invoices
126,exhortations
127,upgrade
128,email
129,prompts
130,release
131,pending
132,message
133,urging
134,warnings
135,errors
136,change
137,email
138,covid
139,pandemic
140,banking
141,excuse
142,vendor
143,leads
144,firebase
145,analysis
146,email
147,firebase
148,enlarge
149,overall
150,message
151,trustwave
152,subtle
153,imperfections
154,tip
155,wrong
156,poor
157,graphics
158,constantly
159,evolving
160,covertly
161,message
162,unwitting
163,abbasi
164,reputation
165,google
166,cloud
167,infrastructure
168,conduct
169,embedding
170,google
171,firebase
172,email
173,google
174,lend
175,air
176,legitimacy
177,surfaced
178,homographic
179,characters
180,impersonate
181,google
182,targeting
183,spearphishing
184,organization
185,energy
186,sector
187,google
188,company
189,microsoft
190,email
191,stack
192,impersonated
193,ceo
194,targeting
195,company
196,email
197,google
198,purporting
199,message
200,valid
201,base
202,email
203,slip
204,cracks
205,sigler
206,educating
207,helps
208,defense
209,depth
210,inbox
