,0
0,facebook
1,launching
2,pad
3,facebook
4,amazon
5,apple
6,netflix
7,facebook
8,whatsapp
9,brands
10,strike
11,facebook
12,facebook
13,cybercriminal
14,favorite
15,shedding
16,light
17,social
18,facebook
19,messenger
20,application
21,whatsapp
22,followed
23,amazon
24,apple
25,netflix
26,google
27,offerings
28,youtube
29,gmail
30,google
31,took
32,sixth
33,position
34,altogether
35,analysis
36,note
37,targeting
38,frequently
39,accessed
40,medium
41,businesses
42,risks
43,imagine
44,daily
45,lives
46,social
47,messenger
48,application
49,tatyana
50,sidorina
51,expert
52,organization
53,understand
54,measures
55,needed
56,prevent
57,businesses
58,comfortable
59,require
60,crucial
61,balance
62,right
63,facebook
64,incredible
65,base
66,billion
67,monthly
68,quarter
69,attractive
70,tap
71,social
72,giant
73,slew
74,message
75,reason
76,why
77,facebook
78,shed
79,light
80,facebook
81,facebook
82,messenger
83,appeared
84,youtube
85,video
86,ultimately
87,led
88,facebook
89,collect
90,facebook
91,previous
92,targeting
93,facebook
94,tricky
95,reproducing
96,social
97,prompt
98,realistic
99,format
100,inside
101,block
102,targeting
103,facebook
104,ad
105,siphoned
106,advertising
107,facebook
108,credit
109,facebook
110,finding
111,youtube
112,facebook
113,medium
114,businesses
115,google
116,gmail
117,whatsapp
118,follow
119,closely
120,lists
121,results
122,confirm
123,application
124,valuable
125,fraudsters
126,actions
127,side
128,coin
129,social
130,blocked
131,application
132,company
133,blocked
134,application
135,twitter
136,pinterest
137,instagram
138,linkedin
139,messengers
140,mail
141,commonly
142,blocked
143,purposes
144,needs
145,google
146,gmail
147,google
148,targeting
149,statistics
150,obtained
151,period
152,distributed
153,antivirus
154,ksn
155,consist
156,depersonalized
157,metadata
158,voluntarily
159,provided
160,ksn
161,participants
162,spokesperson
163,moving
164,forward
165,company
166,keep
167,eye
168,emerging
169,brands
170,tiktok
171,short
172,video
173,application
174,big
175,bases
176,inevitably
177,flock
178,purposes
179,organization
180,priorities
181,organization
182,understand
183,relevant
184,face
185,infiltrate
186,endpoints
187,becomes
188,attractive
189,target
190,amongst
