,0
0,paypal
1,scam
2,targets
3,ssns
4,passport
5,photos
6,email
7,rundown
8,photos
9,passports
10,targeting
11,paypal
12,pulls
13,stops
14,complete
15,spectrum
16,ask
17,social
18,uploaded
19,photos
20,passports
21,starts
22,fairly
23,run
24,mill
25,email
26,purporting
27,online
28,company
29,notifications
30,center
31,warns
32,limited
33,logged
34,email
35,must
36,her
37,identity
38,bit
39,ly
40,redirects
41,owned
42,complete
43,rundown
44,showcases
45,let
46,mentality
47,quite
48,jan
49,kopriva
50,incident
51,tech
52,company
53,alef
54,nula
55,monday
56,sans
57,isc
58,infosec
59,forum
60,authors
61,seem
62,learned
63,hook
64,try
65,reason
66,why
67,stop
68,usual
69,credit
70,card
71,scam
72,major
73,flags
74,email
75,closer
76,email
77,service53659
78,ovh
79,paypal
80,email
81,parts
82,email
83,strange
84,exclamation
85,points
86,email
87,paypal
88,notifications
89,center
90,reads
91,my
92,paypal
93,pretends
94,paypal
95,screen
96,paypal
97,www
98,leemou
99,selector
100,clearly
101,paypal
102,gullible
103,general
104,gathering
105,displayed
106,billing
107,credit
108,card
109,later
110,takes
111,step
112,fill
113,social
114,card
115,pin
116,manage
117,collect
118,scam
119,upload
120,photos
121,valid
122,government
123,issued
124,photo
125,id
126,passport
127,driving
128,license
129,credit
130,card
131,bit
132,unfortunate
133,standpoint
134,uploads
135,refreshed
136,confirmation
137,displayed
138,kopriva
139,less
140,vigilant
141,upload
142,photos
143,thinking
144,previous
145,invalid
146,reason
147,paypal
148,scam
149,involve
150,paypal
151,utah
152,eye
153,clinic
154,informed
155,patients
156,happened
157,ago
158,patients
159,scam
160,involving
161,paypal
162,prolific
163,gang
164,paypal
165,target
166,kopriva
167,scam
168,paypal
169,paypal
170,email
171,paypal
172,email
173,ask
174,bank
175,paypal
176,scam
177,though
178,verifying
179,correct
180,entire
181,email
182,paypal
183,www
184,paypal
185,email
186,businesses
187,consumers
188,usually
189,updated
190,tricky
191,luring
192,trending
193,themes
194,coronavirus
195,sporting
196,events
197,cup
