,0
0,teen
1,rakes
2,worth
3,bitcoin
4,scam
5,becky
6,bracken
7,kid
8,busted
9,abusing
10,google
11,ads
12,gift
13,card
14,early
15,days
16,pandemic
17,rest
18,stress
19,streaming
20,sourdough
21,starter
22,ambitious
23,teen
24,stuck
25,bedroom
26,decided
27,love2shop
28,gift
29,card
30,harvest
31,invest
32,money
33,cryptocurrency
34,millionaire
35,intrepid
36,old
37,collected
38,love2shop
39,caught
40,complain
41,local
42,lincolnshire
43,live
44,boy
45,withheld
46,juvenile
47,age
48,certainly
49,didn
50,prohibit
51,scammer
52,allowed
53,purchase
54,google
55,ads
56,scam
57,prosecutors
58,ultimately
59,ranking
60,scam
61,infosec
62,insiders
63,newsletter
64,law
65,enforcement
66,credit
67,card
68,paypal
69,collected
70,money
71,received
72,paypal
73,total
74,prosecutor
75,sam
76,skinner
77,lincolnshire
78,live
79,sums
80,came
81,transferred
82,cryptocurrency
83,grift
84,cash
85,invested
86,crypto
87,turns
88,teen
89,lucrative
90,criminal
91,enterprise
92,wicked
93,investor
94,cryptocurrency
95,investments
96,enormously
97,profitable
98,ultimately
99,climbing
100,police
101,quantity
102,cryptocurrency
103,skinner
104,bitcoins
105,smaller
106,coins
107,worth
108,worth
109,little
110,teen
111,sentenced
112,youth
113,rehabilitation
114,money
115,laundering
116,bitcoin
117,confiscated
118,fundamentals
119,bored
120,kid
121,pull
122,heist
123,size
124,symptom
125,wider
126,community
127,lack
128,fidelity
129,fundamentals
130,john
131,bambenek
132,principal
133,hunter
134,netenrich
135,ultimately
136,connected
137,technologies
138,resolve
139,basic
140,problems
141,consumers
142,visit
143,institutions
144,validate
145,transactions
146,bambenek
147,failing
148,profoundly
149,basics
150,children
151,literally
152,millionaire
153,blame
154,placed
155,falling
156,cybercrime
157,hasn
158,helped
159,anyone
160,pointed
161,archie
162,agarwal
163,ceo
164,threatmodeler
165,company
166,google
167,paypal
168,responsibility
169,abused
170,securing
171,abuse
172,prevalence
173,scrape
174,rebuild
175,replica
176,existing
177,minutes
178,crime
179,hard
180,prevent
181,agarwal
182,must
183,mistake
184,blaming
185,built
186,duty
187,community
188,company
189,google
190,paypal
191,scam
192,alarms
193,trip
194,fast
195,google
196,directly
197,teen
198,ability
199,google
200,advertising
201,criminal
202,spokesperson
203,provided
204,goal
205,safe
206,trustworthy
207,experience
208,matters
209,ad
210,seriously
211,vigorously
212,enforce
213,policies
214,nimble
215,faced
216,google
217,ad
218,policies
219,prohibit
220,impersonation
221,replicating
222,forms
223,misrepresentation
224,abuse
225,google
226,ads
227,safety
228,google
229,vice
230,president
231,scott
232,spencer
233,acknowledged
234,pandemic
235,disinformation
236,elections
237,presented
238,company
239,complicated
240,challenges
241,pledged
242,invest
243,spencer
244,smart
245,business
246,preserving
247,advertisers
248,publishers
249,helps
250,businesses
251,succeed
252,term
253,upcoming
254,invest
255,policies
256,experts
257,enforcement
258,stay
259,ahead
