,0
0,mysterious
1,nesting
2,macs
3,targets
4,macs
5,apple
6,house
7,m1
8,chip
9,infecting
10,machines
11,worldwide
12,unclear
13,why
14,hard
15,heels
16,adware
17,recompiled
18,target
19,apple
20,house
21,processor
22,family
23,targeting
24,curiously
25,samples
26,analysts
27,canary
28,dubbed
29,executing
30,machines
31,final
32,yet
33,determined
34,lying
35,wait
36,instructions
37,worrying
38,clear
39,authors
40,advanced
41,sophisticated
42,adversaries
43,webinar
44,promo
45,register
46,flight
47,fresh
48,entry
49,scene
50,endpoints
51,countries
52,primarily
53,canada
54,france
55,germany
56,kingdom
57,states
58,benefits
59,mac
60,m1
61,apple
62,m1
63,chip
64,soc
65,fall
66,marking
67,tech
68,giant
69,desktop
70,laptop
71,silicon
72,pivot
73,intel
74,chips
75,macs
76,benefits
77,faster
78,performance
79,native
80,application
81,integrates
82,graphics
83,processor
84,machine
85,learning
86,neural
87,engine
88,company
89,t2
90,chip
91,arm
92,architecture
93,usually
94,powers
95,mobile
96,portable
97,smaller
98,arm
99,translates
100,lower
101,power
102,consumption
103,apple
104,double
105,battery
106,life
107,macs
108,starting
109,roll
110,turning
111,attention
112,m1
113,powered
114,targets
115,evidenced
116,emergence
117,rebooted
118,pirrit
119,adware
120,detailed
121,patrick
122,wardle
123,family
124,appeared
125,scene
126,built
127,mac
128,m1
129,ecosystem
130,leaves
131,nest
132,adware
133,canary
134,versions
135,targets
136,intel
137,macs
138,built
139,infect
140,older
141,m1
142,notably
143,rarity
144,though
145,haven
146,delivering
147,payloads
148,yet
149,forward
150,m1
151,chip
152,compatibility
153,reach
154,relatively
155,high-ranking
156,infection
157,rate
158,operational
159,maturity
160,suggest
161,reasonably
162,serious
163,uniquely
164,positioned
165,impactful
166,moment
167,notice
168,posting
169,unclear
170,spreading
171,though
172,binaries
173,lending
174,clue
175,distributed
176,advertisements
177,self
178,installers
179,pkg
180,dmg
181,masquerading
182,updates
183,application
184,adobe
185,flash
186,player
187,cloud
188,infrastructure
189,infrastructure
190,amazon
191,s3
192,cloud
193,canary
194,callback
195,akamai
196,cdn
197,implies
198,understands
199,choice
200,blend
201,normal
202,overhead
203,cloud
204,infrastructure
205,traffic
206,organization
207,cannot
208,afford
209,block
210,aws
211,akamai
212,decision
213,aws
214,infrastructure
215,supports
216,assessment
217,operationally
218,mature
219,signs
220,sophistication
221,evident
222,construction
223,start
224,installation
225,installer
226,api
227,commands
228,analysis
229,unusual
230,approach
231,canary
232,doing
233,deviation
234,behavior
235,usually
236,observe
237,installers
238,generally
239,preinstall
240,postinstall
241,scripts
242,commands
243,commands
244,installer
245,benefit
246,limiting
247,visibility
248,contents
249,installation
250,installed
251,apple
252,run
253,apple
254,documented
255,run
256,launching
257,given
258,program
259,installation
260,limited
261,path
262,arguments
263,route
264,causes
265,installer
266,spawn
267,bash
268,processes
269,accomplish
270,objectives
271,gives
272,developers
273,flexibility
274,evolving
275,bash
276,commands
277,extended
278,arguments
279,write
280,input
281,disk
282,written
283,line
284,line
285,commands
286,choice
287,let
288,quickly
289,modify
290,ease
291,canary
292,helps
293,static
294,antivirus
295,signatures
296,dynamically
297,generating
298,static
299,fully
300,executed
301,leaves
302,scripts
303,disk
304,tmp
305,agent
306,sh
307,library
308,application
309,verx_updater
310,verx
311,sh
312,agent
313,sh
314,executes
315,immediately
316,installation
317,indicate
318,installation
319,successfully
320,occurred
321,verx
322,sh
323,meanwhile
324,executes
325,periodically
326,persistent
327,launchagent
328,launchagents
329,instruct
330,launchd
331,initialization
332,periodically
333,automatically
334,tasks
335,hour
336,persistence
337,launchagent
338,tells
339,launchd
340,shell
341,json
342,disk
343,converts
344,plist
345,properties
346,determine
347,actions
348,mystery
349,goal
350,mac
351,adware
352,observing
353,ins
354,none
355,nearly
356,affected
357,hosts
358,final
359,presumably
360,component
361,carry
362,actions
363,exfiltration
364,cryptomining
365,adware
366,ddos
367,bot
368,enslavement
369,possibilities
370,words
371,wings
372,clipped
373,ultimate
374,goal
375,mystery
376,knowing
377,certainty
378,distributed
379,delivered
380,removed
381,future
382,timeline
383,distribution
384,clue
385,developers
386,exists
387,installation
388,routine
389,noticed
390,installation
391,executes
392,discovery
393,commands
394,construct
395,curl
396,indicating
397,installation
398,occurred
399,retrieves
400,executing
401,sqlite3
402,query
403,finds
404,pkg
405,idea
406,distribution
407,channels
408,commonly
409,adware
410,odd
411,placeholder
412,binaries
413,mystery
414,placeholder
415,binaries
416,versions
417,extraneous
418,mach
419,binary
420,play
421,role
422,ultimately
423,binary
424,placeholder
425,give
426,pkg
427,distribute
428,outside
429,analysts
430,intel
431,hello
432,m1
433,compatible
434,sample
435,displays
436,message
437,binary
438,run
439,intentionally
440,sought
441,launched
442,message
443,hello
444,indicate
445,proof
446,concept
447,needed
448,application
449,bundle
450,canary
451,concluded
452,callback
453,m1
454,dec
455,shortly
456,soc
457,launched
458,having
459,malwares
460,wardle
461,discovery
462,circulating
463,remains
464,limited
465,notable
466,apple
467,planning
468,m1
469,successor
470,m1x
471,chip
472,necessary
473,target
474,finished
475,worth
476,authors
477,remains
478,significant
479,m1
480,arm64
481,architecture
482,young
