,0
0,dnc
1,publicized
2,dnc
3,officials
4,believed
5,spoofing
6,built
7,harvest
8,democratic
9,voter
10,database
11,democratic
12,national
13,committee
14,riled
15,press
16,walking
17,assertion
18,voter
19,database
20,though
21,seemed
22,series
23,efforts
24,harvest
25,belonging
26,political
27,targets
28,influence
29,electorate
30,ahead
31,midterm
32,elections
33,turns
34,unnamed
35,democratic
36,cnn
37,dnc
38,alerted
39,presence
40,spoofing
41,mimic
42,votebuilder
43,democratic
44,officials
45,country
46,manage
47,democratic
48,voter
49,database
50,alarm
51,raised
52,cloud
53,adding
54,close
55,facsimile
56,dnc
57,officials
58,believed
59,filling
60,arm
61,door
62,database
63,lured
64,spoofing
65,targeting
66,spear
67,email
68,turns
69,herring
70,dnc
71,contractor
72,ngp
73,van
74,manage
75,votebuilder
76,bob
77,lord
78,chief
79,officer
80,dnc
81,confirmed
82,night
83,michigan
84,democratic
85,conduct
86,simulated
87,voter
88,database
89,carried
90,authorization
91,dnc
92,why
93,alarm
94,bells
95,dnc
96,officials
97,lord
98,dnc
99,constant
100,hack
101,dnc
102,democratic
103,infrastructure
104,noting
105,vigilance
106,utmost
107,importance
108,words
109,better
110,err
111,side
112,caution
113,situations
114,tod
115,beardsley
116,rapid7
117,though
118,wasn
119,hack
120,mirror
121,favored
122,gaining
123,unauthorized
124,kinds
125,high-ranking
126,value
127,political
128,targets
129,networks
130,sector
131,underscores
132,importance
133,staying
134,vigilant
135,interesting
136,interesting
137,dnc
138,official
139,works
140,proprietary
141,voter
142,database
143,email
144,remember
145,presence
146,green
147,padlock
148,pay
149,close
150,attention
151,logging
152,given
153,political
154,targets
155,influence
156,continuing
157,microsoft
158,disrupted
159,mirror
160,allegedly
161,mounted
162,fancy
163,bear
164,facebook
165,took
166,propaganda
167,misinformation
168,allegedly
169,backed
170,iranian
171,government
