,0
0,gdpr
1,scam
2,targets
3,apple
4,scam
5,fooled
6,claiming
7,apple
8,scooping
9,apple
10,targeting
11,apple
12,attempting
13,updating
14,profiles
15,guise
16,proactive
17,hardening
18,prepping
19,introduction
20,general
21,protection
22,regulation
23,gdpr
24,policies
25,effect
26,objective
27,con
28,disclosing
29,apple
30,scoop
31,credit
32,card
33,apple
34,scam
35,impending
36,introduction
37,eu
38,gdpr
39,policies
40,detected
41,apple
42,id
43,scam
44,social
45,engineering
46,threatening
47,suspend
48,pressure
49,divulging
50,micro
51,blog
52,scam
53,multisite
54,apple
55,id
56,corresponding
57,valuable
58,give
59,application
60,email
61,purports
62,email
63,apple
64,email
65,notifies
66,apple
67,limited
68,unusual
69,urges
70,opens
71,apple
72,looked
73,respects
74,background
75,image
76,apple
77,offline
78,prompted
79,apple
80,ids
81,offers
82,standard
83,message
84,telling
85,locked
86,offering
87,unlock
88,unlock
89,collects
90,slew
91,birth
92,credit
93,card
94,addition
95,appeared
96,sophisticated
97,correctly
98,usually
99,scam
100,expect
101,short
102,lifespans
103,securing
104,typically
105,obtain
106,sometimes
107,accessible
108,correctly
109,fields
110,filled
111,informed
112,logged
113,reasons
114,forwarded
115,apple
116,strengths
117,mistakes
118,email
119,email
120,big
121,flags
122,notably
123,email
124,apple
125,apple
126,why
127,checking
128,apple
129,beyond
130,show
131,worrisome
132,sophisticated
133,measures
134,tricks
135,listed
136,above
137,surrounding
138,apple
139,spoof
140,beyond
141,sophisticated
142,encrypting
143,spoof
144,advanced
145,encryption
146,standard
147,aes
148,allowing
149,anti
150,embedded
151,antivirus
152,solutions
153,aes
154,obfuscation
155,unusual
156,scam
157,usually
158,concerned
159,evasion
