,0
0,microsoft
1,teams
2,targets
3,office
4,microsoft
5,teams
6,office
7,targeting
8,purports
9,notify
10,missed
11,chat
12,microsoft
13,teams
14,pretends
15,automated
16,message
17,microsoft
18,teams
19,reality
20,aims
21,office
22,teams
23,microsoft
24,collaboration
25,particularly
26,risen
27,popularity
28,workforces
29,pandemic
30,attractive
31,impersonate
32,office
33,abnormal
34,microsoft
35,teams
36,instant
37,messaging
38,notification
39,respond
40,quickly
41,whatever
42,message
43,missed
44,notification
45,analysis
46,email
47,displays
48,teams
49,automated
50,notification
51,microsoft
52,teams
53,picture
54,below
55,email
56,tells
57,teammates
58,trying
59,reach
60,missed
61,microsoft
62,chats
63,showing
64,teammate
65,chat
66,submit
67,erin
68,ludert
69,scientist
70,abnormal
71,suspect
72,spray
73,employee
74,referenced
75,chats
76,doesn
77,employee
78,company
79,received
80,microsoft
81,teams
82,email
83,credit
84,abnormal
85,respond
86,email
87,urges
88,reply
89,teams
90,leads
91,body
92,email
93,appearing
94,microsoft
95,teams
96,message
97,instant
98,messenger
99,reply
100,teams
101,leads
102,impersonates
103,microsoft
104,email
105,looks
106,convincingly
107,microsoft
108,start
109,microsftteams
110,convinced
111,input
112,microsoft
113,unwittingly
114,handing
115,array
116,purposes
117,takeover
118,pandemic
119,worries
120,cyberattackers
121,enterprise
122,friendly
123,collaboration
124,brands
125,microsoft
126,teams
127,zoom
128,skype
129,piqued
130,impersonated
131,notifications
132,microsoft
133,teams
134,office
135,circulated
136,separate
137,targeting
138,teams
139,microsoft
140,heap
141,hacker
142,impersonations
143,microsoft
144,featuring
145,nearly
146,fifth
147,quarter
148,sophisticated
149,visual
150,captchas
151,target
152,office
153,token
154,authorization
