,0
0,impersonate
1,dot
2,scam
3,dangled
4,receiving
5,funds
6,trillion
7,infrastructure
8,bill
9,mimicking
10,federal
11,impersonated
12,department
13,transportation
14,usdot
15,combination
16,mimic
17,federal
18,detections
19,aug
20,mail
21,inky
22,detected
23,email
24,dangling
25,bidding
26,projects
27,benefitting
28,trillion
29,infrastructure
30,passed
31,congress
32,written
33,inky
34,roger
35,kay
36,vice
37,president
38,strategy
39,targeting
40,company
41,engineering
42,energy
43,architecture
44,usdot
45,sends
46,email
47,usdot
48,inviting
49,submit
50,bid
51,department
52,project
53,big
54,blue
55,words
56,bid
57,infosec
58,insiders
59,newsletter
60,email
61,themselves
62,launched
63,transportationgov
64,net
65,amazon
66,aug
67,kay
68,creation
69,revealed
70,whois
71,signal
72,specifically
73,anyone
74,familiar
75,government
76,given
77,government
78,typically
79,gov
80,suffix
81,someone
82,reading
83,quickly
84,seem
85,somewhere
86,ballpark
87,reality
88,kay
89,fooling
90,targets
91,bait
92,led
93,transportation
94,gov
95,bidprocure
96,akjackpot
97,reassuring
98,sounding
99,subdomains
100,transportation
101,gov
102,kay
103,base
104,akjackpot
105,hosts
106,online
107,casino
108,cater
109,malaysians
110,hijacked
111,owners
112,themselves
113,phishers
114,impersonate
115,usdot
116,kay
117,bidding
118,targets
119,instructed
120,bid
121,email
122,connect
123,instructed
124,fictitious
125,specifically
126,mike
127,reynolds
128,transportationgov
129,questions
130,closed
131,instructions
132,directed
133,identical
134,copy
135,usdot
136,copying
137,css
138,government
139,onto
140,twist
141,copied
142,pasted
143,government
144,alert
145,savvy
146,scammed
147,realizing
148,ended
149,gov
150,mil
151,kay
152,imposter
153,usdot
154,targets
155,invited
156,bid
157,brings
158,microsoft
159,logo
160,instructions
161,email
162,met
163,challenge
164,extra
165,captured
166,kay
167,targets
168,error
169,message
170,directed
171,usdot
172,elegant
173,perhaps
174,unnecessary
175,flourish
176,phishers
177,final
178,step
179,sequence
180,kay
181,evading
182,though
183,didn
184,tricks
185,combination
186,pattern
187,allowed
188,email
189,email
190,gateways
191,kay
192,exploiting
193,events
194,launching
195,phishers
196,came
197,strikes
198,standard
199,newly
200,allowed
201,mails
202,slip
203,standard
204,email
205,spf
206,dkim
207,dmarc
208,represented
209,vulnerabilities
210,feeds
211,commonly
212,referenced
213,legacy
214,anti
215,kay
216,blemish
