,0
0,tiktok
1,flaw
2,lay
3,bare
4,phone
5,ids
6,tiktok
7,flaw
8,tiktok
9,allowed
10,query
11,query
12,database
13,privacy
14,violations
15,tiktok
16,short
17,video
18,allowed
19,easily
20,compile
21,phone
22,ids
23,ripe
24,tiktok
25,owned
26,bytedance
27,worldwide
28,patched
29,disclosure
30,existed
31,friends
32,tiktok
33,mobile
34,application
35,friends
36,facebook
37,inviting
38,friends
39,friends
40,tiktok
41,sync
42,tiktok
43,connect
44,phone
45,query
46,tiktok
47,entire
48,database
49,privacy
50,violations
51,allowed
52,build
53,database
54,respective
55,phone
56,oded
57,vanunu
58,head
59,vulnerabilities
60,degree
61,perform
62,range
63,activities
64,spear
65,criminal
66,actions
67,tiktok
68,message
69,signing
70,mechanism
71,aims
72,tampering
73,message
74,modifying
75,body
76,achieve
77,tiktok
78,signing
79,executed
80,background
81,dynamic
82,analysis
83,framework
84,frida
85,hook
86,function
87,change
88,function
89,arguments
90,wants
91,sync
92,modified
93,tiktok
94,application
95,tiktok
96,flaw
97,tiktok
98,friends
99,credit
100,automate
101,uploading
102,syncing
103,build
104,database
105,connected
106,phone
107,accessible
108,nickname
109,avatar
110,pictures
111,ids
112,certain
113,settings
114,whether
115,follower
116,hidden
117,give
118,social
119,engineering
120,spear
121,email
122,demonstrates
123,phone
124,id
125,tiktok
126,caveat
127,note
128,flaw
129,impacted
130,chosen
131,associate
132,phone
133,logged
134,phone
135,neither
136,options
137,required
138,disclosed
139,findings
140,bytedance
141,deployed
142,solution
143,friends
144,invite
145,friends
146,discover
147,tiktok
148,privacy
149,tiktok
150,community
151,highest
152,priority
153,appreciate
154,partners
155,identifying
156,issues
157,resolve
158,affect
159,tiktok
160,spokesperson
161,strengthen
162,defenses
163,constantly
164,upgrading
165,internal
166,capabilities
167,investing
168,automation
169,defenses
170,parties
171,tiktok
172,flaws
173,tiktok
174,triggered
175,controversy
176,privacy
177,policies
178,faced
179,scrutiny
180,vulnerabilities
181,serious
182,remotely
183,parts
184,tiktok
185,uploading
186,deleting
187,videos
188,changing
189,settings
190,videos
191,hidden
192,videos
193,public
194,vanunu
195,urged
196,tiktok
197,bare
198,minimum
199,os
200,application
201,versions
