,0
0,watering
1,holes
2,target
3,asian
4,ethnic
5,flash
6,decoy
7,asian
8,watering
9,hole
10,flash
11,updates
12,employ
13,multi
14,targeting
15,fingerprint
16,extensive
17,surfaced
18,targets
19,belonging
20,asian
21,religious
22,ethnic
23,series
24,watering
25,hole
26,gambit
27,relying
28,flash
29,updates
30,analysis
31,question
32,selectively
33,trigger
34,almost
35,belonging
36,high-ranking
37,personalities
38,target
39,public
40,bodies
41,charities
42,organization
43,carry
44,uighurs
45,ethnic
46,religious
47,minority
48,china
49,targets
50,cyberattacks
51,surveillance
52,couldn
53,reveal
54,identity
55,target
56,unfortunately
57,moment
58,cannot
59,anything
60,addition
61,shared
62,email
63,ready
64,relevant
65,organization
66,feels
67,target
68,hard
69,trying
70,hood
71,turns
72,multi
73,affair
74,variety
75,kicks
76,line
77,automatically
78,served
79,analysis
80,named
81,jquery
82,css
83,js
84,obfuscated
85,chinese
86,sojson
87,job
88,fingerprint
89,visitors
90,watering
91,hole
92,targets
93,stages
94,collects
95,target
96,sends
97,requests
98,returns
99,json
100,formatted
101,true
102,false
103,answer
104,true
105,triggers
106,loading
107,named
108,jquery
109,js
110,obfuscated
111,sojson
112,purpose
113,surface
114,pop
115,visitors
116,encourages
117,supposed
118,flash
119,player
120,purported
121,github
122,repository
123,visitor
124,falls
125,prompt
126,install
127,executables
128,machine
129,installer
130,decoy
131,flash
132,stager
133,flash
134,longer
135,valid
136,fail
137,message
138,stating
139,installer
140,outdated
141,renamed
142,direct
143,adobe
144,analysis
145,module
146,godlike12
147,backdoor
148,written
149,sets
150,channel
151,proceeds
152,fingerprinting
153,startup
154,hostname
155,mac
156,regularly
157,checks
158,id
159,cs
160,txt
161,commands
162,carry
163,interesting
164,thing
165,implant
166,exchanges
167,google
168,space
169,communicate
170,finally
171,versions
172,stitch
173,python
174,backdoor
175,installed
176,stitch
177,shell
178,program
179,establishes
180,direct
181,socket
182,connection
183,exchange
184,aes
185,though
186,backdoors
187,customized
188,add
189,persistence
190,auto
191,function
192,decoy
193,capabilities
194,wrapped
195,stitch
196,python
197,perform
198,write
199,adobe
200,flash
201,installation
202,program
203,startup
204,auto
205,updates
206,backdoor
207,ubntrooters
208,serveuser
209,startup
210,ensures
211,persistence
212,schtasks
213,t1053
214,logon
215,task
216,named
217,adobeupdater
218,pointing
219,programdata
220,adobeservice
221,constant
222,albeit
223,sophisticated
224,nature
225,estimation
226,sizable
227,yet
228,targeting
229,water
230,holing
231,concluded
232,toolset
233,low
234,budget
235,fully
236,developed
237,modified
238,times
239,interesting
240,features
241,google
242,characteristic
243,agile
244,though
245,unable
246,correlate
247,groups
248,chinese
249,origin
250,encryption
251,function
252,implant
253,inspired
254,existing
255,mainly
256,chinese
257,forums
258,paths
259,suggest
260,backdoor
261,developed
262,gnu
263,linux
264,analysis
265,continued
266,less
267,results
268,search
269,engine
270,root
271,gowork
272,gopath
273,backdoor
274,modules
275,compiled
276,chinese
277,speaking
278,communities
279,originate
280,chinese
281,authored
282,tutorial
