,0
0,danabot
1,trojan
2,targets
3,bank
4,scam
5,skip
6,danabot
7,novel
8,banking
9,trojan
10,scam
11,purports
12,myob
13,invoices
14,novel
15,banking
16,trojan
17,danabot
18,banking
19,trojan
20,rounds
21,targets
22,invoices
23,company
24,myob
25,email
26,purport
27,invoices
28,myob
29,australian
30,multinational
31,corporation
32,provides
33,tax
34,accounting
35,business
36,smbs
37,reality
38,missives
39,dropper
40,danabot
41,banking
42,trojan
43,steals
44,sends
45,screenshots
46,machine
47,desktop
48,targeting
49,australian
50,company
51,infecting
52,sophisticated
53,multi
54,multi
55,component
56,stealthy
57,banking
58,trojans
59,danabot
60,trustwave
61,friday
62,targeting
63,email
64,myob
65,message
66,pointing
67,ftp
68,danabot
69,trustwave
70,fahim
71,abbasi
72,diana
73,lopera
74,flurry
75,email
76,scam
77,targeting
78,australian
79,myob
80,email
81,standard
82,myob
83,template
84,convince
85,telling
86,client
87,bottom
88,email
89,karl
90,sigler
91,manager
92,spiderlabs
93,trustwave
94,purchased
95,perhaps
96,generated
97,myob
98,given
99,publicly
100,social
101,networks
102,lists
103,hard
104,trustwave
105,didn
106,specifically
107,targeting
108,interestingly
109,application
110,layer
111,protocol
112,email
113,transfer
114,protocol
115,ftp
116,pointing
117,ftp
118,mostly
119,australian
120,zip
121,archive
122,pulled
123,ftp
124,australian
125,company
126,ftp
127,supplied
128,ftp
129,embedded
130,sigler
131,ftp
132,odd
133,choice
134,usually
135,ftp
136,australian
137,company
138,spread
139,probably
140,matter
141,convenience
142,ftp
143,zip
144,archive
145,inside
146,zip
147,archive
148,downloader
149,executed
150,danabot
151,trojan
152,danabot
153,novel
154,banking
155,trojan
156,danabot
157,banking
158,trojan
159,targeting
160,australia
161,email
162,trojan
163,biggest
164,cybercrime
165,developments
166,danabot
167,focused
168,persistence
169,useful
170,later
171,monetized
172,demanding
173,immediate
174,ransom
175,trojan
176,danabot
177,modular
178,nature
179,enables
180,components
181,increasing
182,flexibility
183,robust
184,monitoring
185,capabilities
186,banker
187,danabot
188,drops
189,downloader
190,onto
191,disk
192,executes
193,downloader
194,master
195,dll
196,dynamic
197,library
198,program
199,danabot
200,master
201,dll
202,decrypts
203,variety
204,modules
205,configuration
206,dll
207,modules
208,vnc
209,stealer
210,sniffer
211,tor
212,filenames
213,dlls
214,extracted
215,reveal
216,true
217,intention
218,essence
219,dlls
220,enable
221,vnc
222,covert
223,channels
224,tor
225,meanwhile
226,configuration
227,pinject
228,bitkey
229,bitvideo
230,bitfilesx
231,zfilter
232,functions
233,reference
234,machine
235,sigler
236,pinject
237,injection
238,configuration
239,targets
240,australian
241,banks
242,bitkey
243,bitvideo
244,config
245,cryptocurrency
246,processes
247,bot
248,monitor
249,bitfilesx
250,cryptocurrency
251,bot
252,monitor
253,finally
254,zfilter
255,searches
256,processes
257,monitor
258,sniffing
259,danabot
260,configured
261,round
262,robin
263,dns
264,ips
265,rotate
266,traffic
267,controlled
268,infrastructure
269,infrastructure
270,supporting
271,flexible
272,modular
273,functionality
274,spread
275,components
276,heavily
