,0
0,puerto
1,rico
2,gov
3,scam
4,puerto
5,rico
6,scam
7,scam
8,targeting
9,puerto
10,rico
11,industrial
12,company
13,scam
14,swindled
15,puerto
16,rico
17,government
18,agency
19,reports
20,reports
21,email
22,scam
23,puerto
24,rico
25,industrial
26,company
27,government
28,owned
29,corporation
30,driving
31,economic
32,island
33,along
34,local
35,foreign
36,investors
37,agency
38,reportedly
39,received
40,email
41,alleging
42,change
43,banking
44,tied
45,remittance
46,payments
47,transfer
48,money
49,foreign
50,worker
51,individual
52,home
53,country
54,agency
55,jan
56,serious
57,situation
58,extremely
59,serious
60,manuel
61,laboy
62,executive
63,agency
64,press
65,investigated
66,until
67,consequences
68,agency
69,filed
70,police
71,complaint
72,regarding
73,scam
74,questions
75,regarding
76,scam
77,whether
78,agency
79,impacted
80,remain
81,reached
82,industrial
83,company
84,scam
85,company
86,hard
87,terms
88,losses
89,fbi
90,ic3
91,annual
92,cybercrime
93,ploys
94,crime
95,complaint
96,fbi
97,email
98,scam
99,business
100,email
101,fbi
102,cost
103,billion
104,continued
105,target
106,corporations
107,governments
108,profit
109,scammed
110,conglomerate
111,nikkei
112,texas
113,school
114,district
115,community
116,housing
117,nonprofit
118,scam
119,city
120,ocala
121,florida
122,swindled
123,church
124,brunswick
125,ohio
126,scammed
127,authorities
128,keeping
129,eye
130,verifying
131,requests
132,scam
133,bank
134,online
135,require
136,apply
137,life
138,donna
139,gregory
140,chief
141,ic3
142,requests
143,phone
144,double
145,email
146,follow
147,provided
148,message
