,0
0,served
1,subpoena
2,email
3,subpoena
4,targeting
5,delivering
6,predator
7,thief
8,claiming
9,emailed
10,subpoenas
11,targeting
12,insurance
13,retail
14,company
15,email
16,spoofing
17,uk
18,ministry
19,justice
20,aiming
21,capitalize
22,scare
23,convince
24,targets
25,embedded
26,learn
27,saying
28,days
29,comply
30,subpoena
31,notice
32,target
33,themselves
34,predator
35,thief
36,publicly
37,email
38,quite
39,inspection
40,closer
41,reveals
42,obvious
43,irregularities
44,mollie
45,macdougall
46,masquerading
47,uk
48,ministry
49,justice
50,correspondence
51,produces
52,increased
53,fall
54,though
55,portions
56,email
57,misnomers
58,department
59,justice
60,ministry
61,justice
62,educated
63,uk
64,judicial
65,fear
66,consequence
67,daunting
68,email
69,thus
70,falling
71,trap
72,reach
73,targets
74,telemetry
75,emea
76,region
77,sophisticated
78,capitalizing
79,publicly
80,throughout
81,landscape
82,macdougall
83,certain
84,plausible
85,assess
86,overly
87,familiar
88,uk
89,judicial
90,lacks
91,attention
92,detail
93,thus
94,advanced
95,nation
96,origin
97,lend
98,air
99,legitimacy
100,enclosed
101,google
102,docs
103,microsoft
104,onedrive
105,infection
106,thus
107,email
108,benign
109,leads
110,google
111,docs
112,fool
113,thinking
114,conducting
115,checks
116,turn
117,google
118,docs
119,redirection
120,pointing
121,direct
122,microsoft
123,onedrive
124,macro
125,laden
126,retrieved
127,downloader
128,sample
129,predator
130,thief
131,subpoena
132,google
133,docs
134,redirect
135,eventually
136,leads
137,macro
138,laden
139,microsoft
140,aaron
141,riley
142,blog
143,macro
144,powershell
145,sample
146,predator
147,thief
148,stealer
149,predator
150,thief
151,infects
152,endpoint
153,exfiltrate
154,targets
155,cryptocurrency
156,wallets
157,configurations
158,vpn
159,ftp
160,email
161,gaming
162,logins
163,screenshots
164,machine
165,gathered
166,stored
167,named
168,shipped
169,endpoint
170,gate
171,default
172,successfully
173,exfiltrated
174,binary
175,cleans
176,parts
177,infection
178,self
179,terminates
180,infection
181,clean
182,harder
183,endpoint
184,forensic
185,investigations
186,verbose
187,logs
188,endpoint
189,riley
190,macdougall
191,exfiltrated
192,purposes
193,gaining
194,profit
195,benign
196,seeming
197,email
198,defenses
199,cropping
200,late
201,google
202,docs
203,email
204,pass
205,inspection
206,email
207,gateways
208,disabling
209,microsoft
210,macros
211,default
212,monitoring
213,powershell
214,alongside
215,educating
216,dangers
217,enabling
218,macros
219,safeguard
220,infection
221,require
222,targets
223,onedrive
224,laden
225,macros
226,macdougall
227,macros
228,enabled
229,macro
230,predator
231,thief
