,0
0,clever
1,bypasses
2,mfa
3,nab
4,microsoft
5,office
6,stored
7,cloud
8,target
9,multi
10,mfa
11,office
12,stored
13,cloud
14,extort
15,bitcoin
16,ransom
17,target
18,defense
19,center
20,leverages
21,oauth2
22,framework
23,openid
24,connect
25,oidc
26,protocol
27,granting
28,rogue
29,application
30,elmer
31,hernandez
32,blog
33,typical
34,harvester
35,granting
36,application
37,mfa
38,mfa
39,meant
40,scenario
41,stark
42,reminder
43,solved
44,multi
45,hernandez
46,engage
47,behaviors
48,basic
49,email
50,cloud
51,confidential
52,wouldn
53,stop
54,extort
55,bitcoin
56,ransom
57,hernandez
58,fresh
59,book
60,old
61,email
62,hyper
63,realistic
64,reply
65,email
66,email
67,typical
68,invite
69,cited
70,seemed
71,offering
72,salary
73,bonus
74,hernandez
75,microsoft
76,office
77,microsoftonline
78,closer
79,inspection
80,showed
81,clues
82,nefarious
83,intentions
84,someone
85,technical
86,experience
87,notice
88,obvious
89,experts
90,application
91,office
92,behalf
93,microsoft
94,graph
95,authorizations
96,must
97,obtain
98,token
99,microsoft
100,identity
101,hernandez
102,oauth2
103,oidc
104,latter
105,authenticate
106,granting
107,former
108,authorizes
109,delegates
110,application
111,done
112,exposing
113,application
114,entire
115,parameters
116,show
117,rogue
118,application
119,her
120,parameter
121,response_type
122,denotes
123,requested
124,microsoft
125,identity
126,authorize
127,endpoint
128,examined
129,hernandez
130,id
131,token
132,authorization
133,id_token
134,requested
135,latter
136,exchanged
137,token
138,turn
139,presented
140,application
141,microsoft
142,graph
143,phase
144,redirect
145,uri
146,parameter
147,indicates
148,location
149,authorization
150,responses
151,tokens
152,authorization
153,codes
154,outlined
155,responses
156,hxxps
157,officehnoc
158,office
159,masquerading
160,office
161,entity
162,location
163,sofia
164,bulgaria
165,belcloud
166,hernandez
167,scope
168,parameter
169,gives
170,application
171,application
172,modify
173,signed
174,parameter
175,constraint
176,apply
177,hernandez
178,ask
179,parameter
180,enables
181,application
182,whereas
183,notes
184,onenote
185,notebooks
186,readwrite
187,modify
188,delete
189,accessible
190,her
191,concerning
192,parameter
193,hernandez
194,extended
195,offline_access
196,application
197,obtain
198,refresh
199,tokens
200,exchanged
201,tokens
202,expire
203,authenticate
204,approve
205,enable
206,indefinite
207,final
208,step
209,openid
210,parameters
211,play
212,picture
213,gender
214,locale
215,claims
216,application
217,id
218,token
219,issued
220,authorize
221,endpoint
222,hernandez
223,falls
224,signs
225,confirm
226,wants
227,grant
228,application
229,aforementioned
230,fail
231,act
232,administrators
233,spot
234,deal
235,application
236,misguidedly
237,approved
238,hernandez
239,hernandez
240,novel
241,evidence
242,adapting
243,finding
244,foul
245,play
246,scenarios
247,themselves
248,touted
249,measures
250,mfa
251,bypassed
252,themselves
253,unwittingly
254,approve
