,0
0,ftc
1,warns
2,netflix
3,scam
4,rounds
5,scam
6,targets
7,netflix
8,federal
9,trade
10,commission
11,ftc
12,scam
13,reeling
14,netflix
15,ftc
16,scam
17,purports
18,email
19,netflix
20,email
21,claims
22,hold
23,billing
24,issues
25,police
26,ohio
27,shared
28,screenshot
29,email
30,colleen
31,tressler
32,consumer
33,education
34,specialist
35,ftc
36,email
37,claims
38,hold
39,netflix
40,having
41,trouble
42,billing
43,invites
44,reality
45,email
46,pocketing
47,expand
48,members
49,seriously
50,netflix
51,employs
52,numerous
53,proactive
54,measures
55,detect
56,keep
57,netflix
58,members
59,spokesperson
60,unfortunately
61,scam
62,target
63,brands
64,netflix
65,company
66,bases
67,company
68,advised
69,aware
70,email
71,imitate
72,company
73,ask
74,netflix
75,ask
76,email
77,social
78,company
79,netflix
80,email
81,cautious
82,email
83,netflix
84,unsure
85,email
86,hover
87,cursor
88,bottom
89,browsers
90,scam
91,involving
92,netflix
93,netflix
94,scam
95,leads
96,valid
97,transport
98,layer
99,tls
100,certificates
101,unpatched
102,installs
103,plugins
104,weak
105,usual
106,suspect
107,cms
108,drupal
109,mistaken
110,netflix
111,led
112,hacks
113,whether
114,hijacking
115,spotify
116,breaches
117,san
118,diego
119,unified
120,school
121,district
122,tressler
123,suggested
124,email
125,scam
126,closely
127,clues
128,grammar
129,spelling
130,clues
131,missing
132,company
133,netflix
134,scammer
135,british
136,spelling
137,center
138,centre
139,greeting
140,hi
141,dear
142,listing
143,international
144,phone
145,company
