,0
0,cisco
1,steals
2,webex
3,cisco
4,webex
5,meeting
6,email
7,purporting
8,cisco
9,advisory
10,trying
11,webex
12,reeling
13,recycled
14,cisco
15,advisory
16,warns
17,urges
18,cisco
19,webex
20,conferencing
21,wave
22,workers
23,midst
24,coronavirus
25,pandemic
26,rely
27,online
28,conferencing
29,webex
30,zoom
31,upward
32,spike
33,online
34,meetings
35,webex
36,cybercriminal
37,golden
38,ticket
39,conference
40,calls
41,shared
42,activities
43,targeting
44,teleconferencing
45,brands
46,nothing
47,ashley
48,tran
49,defense
50,center
51,analysis
52,organization
53,adhering
54,guidelines
55,essential
56,workers
57,stay
58,home
59,rapid
60,influx
61,workers
62,prime
63,picking
64,trying
65,spoof
66,brands
67,webex
68,anticipate
69,email
70,attention
71,grabbing
72,lines
73,alert
74,spoofing
75,email
76,meetings
77,webex
78,mass
79,spray
80,pray
81,numerous
82,receiving
83,reporting
84,email
85,healthcare
86,spaces
87,mail
88,combined
89,engage
90,curiosity
91,entice
92,requested
93,tran
94,body
95,email
96,embeds
97,cisco
98,advisory
99,along
100,cisco
101,webex
102,branding
103,advisory
104,cve
105,cloudcenter
106,orchestrator
107,docker
108,engine
109,cisco
110,management
111,application
112,center
113,cloud
114,public
115,cloud
116,environments
117,flaw
118,allowed
119,unauthenticated
120,install
121,docker
122,containers
123,high-ranking
124,privileges
125,affected
126,disclosure
127,exploited
128,wild
129,fixed
130,cisco
131,cloudcenter
132,orchestrator
133,patch
134,release
135,cisco
136,webex
137,scenario
138,spoofing
139,business
140,problem
141,prompting
142,technical
143,readers
144,confense
145,write
146,embedded
147,cve
148,email
149,tells
150,fix
151,error
152,recommend
153,cisco
154,meetings
155,desktop
156,application
157,points
158,join
159,learn
160,meticulous
161,right
162,join
163,cautious
164,email
165,hover
166,ll
167,hxxps
168,globalpagee
169,prod
170,webex
171,signin
172,strikingly
173,cisco
174,webex
175,hxxps
176,globalpage
177,prod
178,webex
179,signin
180,join
181,identical
182,cisco
183,webex
184,difference
185,email
186,typed
187,webex
188,entries
189,checked
190,meanwhile
191,email
192,format
193,entry
194,takes
195,directly
196,tied
197,public
198,registry
199,days
200,email
201,live
202,cisco
203,webex
204,gone
205,obtaining
206,ssl
207,certificate
208,official
209,cisco
210,certificate
211,verified
212,hydrantid
213,certificate
214,sectigo
215,limited
216,regardless
217,verified
218,certificate
219,result
220,lock
221,left
222,renders
223,email
224,eyes
225,warn
226,stay
227,spoofing
228,conferencing
229,virtual
230,collaboration
231,application
232,general
233,panic
234,coronavirus
235,email
236,relief
237,promises
238,cure
239,symptom
