,0
0,defending
1,california
2,pizza
3,kitchen
4,serves
5,employee
6,ssns
7,email
8,sneak
9,segs
10,becky
11,bracken
12,halloween
13,microp
14,spreads
15,google
16,locally
17,stored
18,email
19,gateway
20,seg
21,protections
22,aren
23,necessarily
24,stop
25,email
26,delivering
27,cybercrooks
28,cloud
29,raising
30,alarm
31,email
32,kicking
33,halloween
34,microp
35,offensive
36,target
37,inbox
38,despite
39,secured
40,seg
41,infection
42,routine
43,email
44,purported
45,dwg
46,following
47,supplies
48,supposedly
49,hyperlinked
50,google
51,infection
52,mht
53,mht
54,extensions
55,commonly
56,browsers
57,webpage
58,archive
59,target
60,presented
61,blurred
62,apparently
63,stamped
64,mht
65,reach
66,rar
67,turn
68,executable
69,dotnetloader
70,vbs
71,scripts
72,drop
73,run
74,mircop
75,memory
76,analysis
77,particularly
78,sophisticated
79,google
80,allowed
81,segs
82,business
83,google
84,enterprises
85,employ
86,delivering
87,rapid
88,deployment
89,mht
90,final
91,encryption
92,concerned
93,sneaky
94,worrying
95,email
96,inbox
97,environment
98,seg
99,halloween
100,microp
101,email
102,leading
103,discover
104,gory
105,theme
106,unusual
107,skype
108,mircop
109,crypt888
110,encrypts
111,hold
112,hostage
113,analysts
114,demand
115,met
116,promises
117,decryption
118,gives
119,instructions
120,wallpaper
121,unable
122,application
123,besides
124,browsers
125,give
126,email
127,posting
128,email
129,required
130,decrypting
131,claims
132,unlock
133,application
134,skype
135,medium
136,negotiate
137,uncommon
138,organized
139,gangs
140,dedicated
141,mobile
142,chat
143,application
144,watch
145,locally
146,stored
147,interesting
148,aspect
149,named
150,pi2
151,steals
152,browsers
153,explorer
154,google
155,chrome
156,firefox
157,opera
158,lateral
159,entry
160,future
161,sha256
162,hash
163,executable
164,virus
165,total
166,dozens
167,executables
168,indicates
169,shift
170,outside
171,office
172,exposes
173,business
174,kinds
175,miclain
176,keffeler
177,application
178,consultant
179,nvisium
180,why
181,local
182,management
183,reining
184,cloud
185,increasingly
186,imperative
187,crypt888
188,seeks
189,horizontal
190,privilege
191,escalation
192,saved
193,locally
194,inevitably
195,wreak
196,havoc
197,business
198,keffeler
199,cloud
200,continues
201,grow
202,saved
203,grant
204,amounts
205,little
