,0
0,suspected
1,dr
2,hex
3,hacker
4,busted
5,lisa
6,vaas
7,unnamed
8,suspect
9,allegedly
10,helped
11,develop
12,carding
13,aim
14,bank
15,card
16,moroccan
17,man
18,suspected
19,dr
20,hex
21,prolific
22,blitz
23,defacing
24,carding
25,arrested
26,interpol
27,announced
28,bust
29,took
30,morocco
31,describing
32,result
33,joint
34,probe
35,dubbed
36,lyrebird
37,interpol
38,closely
39,moroccan
40,police
41,ib
42,unnamed
43,suspect
44,allegedly
45,helped
46,develop
47,carding
48,sell
49,criminal
50,online
51,forums
52,carding
53,joker
54,stash
55,cybercriminal
56,destination
57,specialized
58,trading
59,card
60,offering
61,millions
62,credit
63,debit
64,cards
65,buyers
66,described
67,interpol
68,announcement
69,buyers
70,dr
71,hex
72,carding
73,masquerade
74,online
75,banking
76,facilities
77,allowing
78,suspect
79,defraud
80,trusting
81,losses
82,company
83,online
84,advertise
85,carding
86,economy
87,works
88,dallas
89,smoked
90,meat
91,franchise
92,dickey
93,barbecue
94,pit
95,cards
96,turn
97,anyone
98,purchasing
99,cloned
100,cards
101,physically
102,atms
103,store
104,machines
105,aren
106,chip
107,enabled
108,buy
109,online
110,writeup
111,ib
112,suspect
113,allegedly
114,involved
115,course
116,leaving
117,signature
118,dr
119,hex
120,nickname
121,attacked
122,dr
123,hex
124,nicknames
125,suspect
126,allegedly
127,chose
128,dub
129,whom
130,tracked
131,squeezing
132,identity
133,starting
134,ib
135,quest
136,track
137,unmask
138,dr
139,hex
140,extraction
141,exploit
142,french
143,bank
144,writeup
145,typical
146,setup
147,described
148,creation
149,spoofing
150,targeting
151,company
152,mass
153,distribution
154,email
155,spoofing
156,left
157,unsuspecting
158,perpetrator
159,email
160,almost
161,scripts
162,signed
163,signature
164,creator
165,dr
166,hex
167,email
168,dr
169,hex
170,liked
171,nickname
172,quite
173,bit
174,ib
175,alleged
176,youtube
177,channel
178,signed
179,youtube
180,videos
181,channel
182,left
183,leading
184,arabic
185,crowdfunding
186,gave
187,ib
188,hook
189,alleged
190,cybercriminal
191,register
192,email
193,ib
194,email
195,elements
196,infrastructure
197,email
198,suspect
199,total
200,nicknames
201,facebook
202,instagram
203,skype
204,youtube
205,analysts
206,dr
207,hex
208,defaced
209,cybercriminal
210,posts
211,underground
212,intended
213,trading
214,indicate
215,latter
216,involvement
217,ib
218,analysts
219,evidence
220,dr
221,hex
222,huge
223,french
224,corporations
225,aim
226,bank
227,card
228,ib
229,quoted
230,stephen
231,kavanagh
232,interpol
233,executive
234,police
235,lyrebird
236,significant
237,success
238,suspect
239,accused
240,targeting
241,unsuspecting
242,company
243,regions
244,highlights
245,posed
246,cybercrime
247,worldwide
248,kavanagh
249,continued
250,arrest
251,suspect
252,outstanding
253,international
254,investigative
255,collaboration
256,moroccan
257,police
258,vital
259,sector
260,partners
261,ib
