,0
0,spawn
1,strains
2,lisa
3,vaas
4,strains
5,professionally
6,coded
7,sophistication
8,launched
9,resourced
10,nearly
11,hijacked
12,waves
13,swamped
14,organization
15,delivered
16,families
17,fireeye
18,mandiant
19,dubbed
20,hitherto
21,unseen
22,strains
23,doubledrag
24,doubledrop
25,doubleback
26,mandiant
27,trifecta
28,spear
29,twice
30,wide
31,swath
32,worldwide
33,dec
34,wave
35,launched
36,dec
37,dec
38,primary
39,target
40,waves
41,emea
42,asia
43,australia
44,shared
45,equal
46,suffering
47,wave
48,schlubs
49,mandiant
50,tracks
51,unc2529
52,guys
53,pros
54,given
55,considerable
56,infrastructure
57,disposal
58,carefully
59,crafted
60,professionally
61,coded
62,sophistication
63,unc2529
64,seem
65,experienced
66,resourced
67,unc2529
68,gang
69,researched
70,targets
71,tailoring
72,email
73,lines
74,intended
75,masqueraded
76,executive
77,california
78,electronics
79,manufacturer
80,email
81,targeting
82,slew
83,medical
84,defense
85,email
86,lines
87,company
88,pretending
89,zoho
90,webinar
91,promo
92,join
93,fortifying
94,business
95,ddos
96,cryptojacking
97,live
98,roundtable
99,edt
100,webinar
101,sponsored
102,zoho
103,manageengine
104,ecosystem
105,unc2529
106,consists
107,downloader
108,doubledrag
109,excel
110,embedded
111,macro
112,dropper
113,doubledrop
114,backdoor
115,doubleback
116,infection
117,starts
118,email
119,rigged
120,downloader
121,heavily
122,obfuscated
123,analysis
124,executed
125,doubledrag
126,tries
127,dropper
128,doubledrop
129,doubledrop
130,obfuscated
131,powershell
132,plant
133,backdoor
134,memory
135,flavors
136,bit
137,bit
138,doubleback
139,backdoor
140,backdoor
141,gets
142,inserting
143,plugins
144,reporting
145,controllers
146,backdoor
147,loads
148,plugins
149,enters
150,communication
151,loop
152,fetching
153,commands
154,dispatching
155,mandiant
156,describes
157,interesting
158,whole
159,ecosystem
160,downloader
161,exists
162,rest
163,components
164,serialized
165,registry
166,database
167,somewhat
168,harder
169,antivirus
170,engines
171,chugging
172,away
173,unc2529
174,firepower
175,run
176,mandiant
177,nearly
178,supported
179,phases
180,meanwhile
181,diligence
182,researching
183,targets
184,concoct
185,entice
186,worked
187,hard
188,obfuscate
189,components
190,fileless
191,runs
192,memory
193,infection
194,storing
195,hard
196,analysis
197,telemetry
198,cisco
199,fileless
200,severity
201,endpoints
202,fileless
203,helped
204,flummox
205,mandiant
206,coded
207,extensible
208,backdoor
209,dimiter
210,andonov
211,principal
212,reverse
213,engineer
214,mandiant
215,email
216,afternoon
217,employed
218,ecosystem
219,specifically
220,less
221,serialization
222,novel
223,per
224,se
225,result
226,components
227,harder
228,detected
229,andonov
230,mandiant
231,assumes
232,profit
233,wide
234,ranging
235,targets
236,geography
237,industry
238,suggests
239,crime
240,motive
241,doubleback
242,progress
243,expects
244,unc2529
245,keep
246,pulled
247,mandiant
248,calls
249,double
250,trifecta
251,standard
252,issue
253,advice
254,applies
255,andonov
256,vectors
257,depend
258,advice
259,line
260,defense
261,spear
262,email
263,coworker
264,receiver
265,cases
266,good
267,practice
268,reach
