,0
0,enterprise
1,mobile
2,skyrocket
3,amidst
4,pandemic
5,q4
6,q1
7,attributed
8,creation
9,workforce
10,covid
11,stay
12,home
13,orders
14,rate
15,mobile
16,rose
17,sharply
18,quarter
19,quarter
20,boost
21,increased
22,home
23,covid
24,stay
25,home
26,orders
27,encounter
28,rates
29,enterprise
30,mobile
31,increased
32,quarter
33,quarter
34,mobile
35,spotlight
36,highlights
37,shifted
38,evolving
39,move
40,physical
41,mobile
42,home
43,office
44,wake
45,covid
46,pandemic
47,forced
48,company
49,home
50,mobile
51,productivity
52,workers
53,longer
54,protective
55,perimeter
56,office
57,hank
58,schless
59,manager
60,solutions
61,blog
62,short
63,prime
64,opportunity
65,expand
66,foreseeable
67,future
68,corporations
69,google
70,twitter
71,facebook
72,amazon
73,keeping
74,workforce
75,until
76,shelter
77,regulations
78,lifted
79,organization
80,shift
81,education
82,keep
83,evolving
84,reality
85,organization
86,ensure
87,prepared
88,schless
89,indeed
90,general
91,choice
92,pandemic
93,widely
94,socially
95,engineered
96,email
97,infostealers
98,cyberattackers
99,email
100,per
101,covid
102,pandemic
103,mobile
104,typical
105,target
106,workstations
107,laptops
108,thing
109,email
110,schless
111,mobile
112,gives
113,wider
114,playing
115,field
116,installing
117,social
118,messaging
119,dating
120,application
121,payloads
122,mobile
123,difference
124,tend
125,mobile
126,sit
127,intersection
128,owners
129,professional
130,identity
131,schless
132,less
133,attentive
134,possibility
135,receiving
136,interface
137,notice
138,mobile
139,smaller
140,screen
141,simplified
142,interface
143,addition
144,educating
145,higher
146,mobile
147,remotely
148,organization
149,consider
150,strategies
151,workers
152,mobile
153,implement
154,infrastructure
155,protocols
156,consider
157,mobile
158,workplace
159,entity
160,enterprise
161,scenario
162,located
163,physical
164,location
165,schless
166,suggested
167,indeed
168,bolstering
169,cloud
170,measures
171,dispersed
172,workforce
173,completely
174,premise
175,enterprise
176,solution
177,aspect
178,combatting
179,mobile
180,imperative
181,organization
182,adopt
183,comprehensive
184,mobile
185,solution
186,built
187,cloud
188,enabled
189,mobile
190,schless
