,0
0,steals
1,money
2,industrial
3,company
4,skip
5,rms
6,vs
7,teamviewer
8,concerning
9,trends
10,email
11,purported
12,commercial
13,offers
14,installing
15,administration
16,industrial
17,production
18,company
19,targets
20,spear
21,email
22,installing
23,administration
24,lab
25,email
26,purporting
27,commercial
28,offers
29,conduit
30,enabling
31,main
32,goal
33,money
34,organization
35,connect
36,search
37,analyze
38,purchase
39,accounting
40,commit
41,spoofing
42,bank
43,payments
44,spate
45,email
46,starting
47,having
48,targeting
49,industrial
50,company
51,located
52,russia
53,email
54,purporting
55,invitations
56,tender
57,industrial
58,company
59,paid
60,careful
61,attention
62,detail
63,email
64,accurately
65,reflecting
66,targeting
67,organization
68,performed
69,employee
70,whom
71,email
72,suggests
73,high-ranking
74,reconnaissance
75,worth
76,noting
77,addressed
78,employee
79,company
80,her
81,indicates
82,carefully
83,prepared
84,individual
85,email
86,relevant
87,organization
88,email
89,packed
90,archives
91,message
92,lead
93,external
94,downloading
95,objects
96,installed
97,run
98,executable
99,email
100,specially
101,crafted
102,interpreter
103,rms
104,vs
105,teamviewer
106,regardless
107,installation
108,email
109,kicked
110,processes
111,install
112,administration
113,teamviewer
114,manipulator
115,utilities
116,rms
117,injected
118,substituting
119,library
120,dll
121,library
122,winspool
123,drv
124,located
125,folder
126,printer
127,loaded
128,winspool
129,drv
130,decrypts
131,configuration
132,prepared
133,settings
134,remotely
135,controlling
136,machine
137,rms
138,configuration
139,email
140,rms
141,machine
142,id
143,teamviewer
144,email
145,library
146,parameters
147,remotely
148,controlling
149,unlike
150,rms
151,viewer
152,built
153,vpn
154,remotely
155,located
156,nat
157,infecting
158,computers
159,search
160,purchase
161,accounting
162,commit
163,spoofing
164,bank
165,payments
166,concerning
167,trends
168,industrial
169,company
170,enticing
171,target
172,widespread
173,weaknesses
174,operational
175,choice
176,culture
177,industrial
178,company
179,inferior
180,company
181,sectors
182,economy
183,banks
184,company
185,concerning
186,administration
187,antivirus
188,solutions
189,administration
190,capabilities
191,give
192,scenarios
193,limited
194,theft
195,money
196,attacking
197,targets
198,belonging
199,target
200,organization
201,partners
202,carry
203,surreptitious
204,video
205,surveillance
206,company
207,record
208,audio
209,video
210,connected
211,machines
