,0
0,bypasses
1,mfa
2,write
3,business
4,email
5,middle
6,hijack
7,sessions
8,skip
9,mailboxes
10,targets
11,microsoft
12,multi
13,mfa
14,enabled
15,attempted
16,organization
17,depends
18,middle
19,aitm
20,hijack
21,session
22,cookies
23,mailboxes
24,targets
25,microsoft
26,defender
27,microsoft
28,center
29,mtic
30,blog
31,infosec
32,insiders
33,newsletter
34,aitm
35,deploys
36,proxy
37,target
38,wishes
39,visit
40,wishes
41,impersonate
42,setup
43,intercept
44,target
45,session
46,cookie
47,proves
48,authenticated
49,session
50,denote
51,mfa
52,employed
53,email
54,aitm
55,steals
56,session
57,cookie
58,gets
59,authenticated
60,session
61,behalf
62,regardless
63,latter
64,indeed
65,wise
66,organization
67,increasing
68,mfa
69,better
70,sophisticated
71,professional
72,mfa
73,certainly
74,valuable
75,capturing
76,session
77,cookie
78,session
79,cookie
80,mfa
81,circumvent
82,mfa
83,later
84,erich
85,kron
86,advocate
87,training
88,knowbe4
89,email
90,aitm
91,unpacked
92,observation
93,microsoft
94,took
95,deeper
96,dive
97,mount
98,secondary
99,business
100,email
101,someone
102,gained
103,aitm
104,depend
105,session
106,modern
107,implements
108,doesn
109,authenticated
110,visit
111,session
112,functionality
113,implemented
114,session
115,cookie
116,provided
117,session
118,cookie
119,proof
120,authenticated
121,session
122,aitm
123,target
124,session
125,cookie
126,skip
127,whole
128,act
129,authenticated
130,deploys
131,webserver
132,proxies
133,packets
134,visits
135,target
136,wishes
137,impersonate
138,visually
139,identical
140,proxied
141,convenient
142,precludes
143,craft
144,ones
145,conventional
146,microsoft
147,initiate
148,email
149,organization
150,message
151,claim
152,voicemail
153,message
154,deleted
155,hours
156,tells
157,mailbox
158,audio
159,hour
160,meanwhile
161,clever
162,coding
163,automatically
164,filling
165,email
166,thus
167,enhancing
168,social
169,engineering
170,target
171,enters
172,her
173,gets
174,authenticated
175,microsoft
176,office
177,background
178,intercepts
179,gets
180,authenticated
181,behalf
182,providing
183,reign
184,perform
185,follow
186,activities
187,email
188,commit
189,secondary
190,organization
191,follow
192,took
193,less
194,minutes
195,hijacking
196,sessions
197,begin
198,conducting
199,authenticating
200,outlook
201,finance
202,email
203,following
204,accessed
205,email
206,hours
207,search
208,opportunities
209,commit
210,deleted
211,inbox
212,folder
213,email
214,hide
215,traces
216,activities
217,suggest
218,attempted
219,commit
220,manually
221,outlook
222,owa
223,chrome
224,commit
225,session
226,cookie
