,0
0,skype
1,targets
2,workers
3,skype
4,business
5,email
6,ultimately
7,skype
8,workers
9,targeting
10,skype
11,email
12,eerily
13,skype
14,notification
15,alert
16,email
17,indicate
18,pending
19,skype
20,notifications
21,checked
22,review
23,uncommon
24,receive
25,email
26,pending
27,notifications
28,anticipates
29,recognize
30,notifications
31,curiosity
32,sense
33,urgency
34,entice
35,review
36,recognizing
37,obvious
38,signs
39,flags
40,apparent
41,closer
42,inspection
43,spoofs
44,skype
45,phone
46,email
47,glance
48,email
49,external
50,return
51,path
52,displayed
53,review
54,application
55,hxxps
56,jhqvy
57,application
58,vamhgp3mi5
59,finally
60,hxxps
61,skype
62,online0345
63,application
64,application
65,backed
66,google
67,application
68,developers
69,securely
70,application
71,adds
72,air
73,legitimacy
74,email
75,benefit
76,requires
77,connect
78,adding
79,developer
80,inclusion
81,addition
82,lock
83,bar
84,trained
85,google
86,application
87,tld
88,displays
89,icon
90,webpage
91,impersonates
92,skype
93,skype
94,done
95,company
96,logos
97,box
98,disclaimer
99,bottom
100,authorized
101,company
102,username
103,auto
104,filled
105,base64
106,target
107,email
108,leaves
109,little
110,room
111,doubt
112,side
113,thing
114,left
115,her
116,falls
117,hands
118,skype
119,email
120,wave
121,workers
122,midst
123,coronavirus
124,pandemic
125,rely
126,online
127,conferencing
128,webex
129,zoom
130,upward
131,spike
132,online
133,meetings
134,skype
135,sold
136,underground
137,forums
138,shared
139,activities
140,unearthed
141,reeling
142,recycled
143,cisco
144,advisory
145,warns
146,urges
147,cisco
148,webex
149,conferencing
150,warn
151,stay
152,spoofing
153,conferencing
154,virtual
155,collaboration
156,application
157,general
158,panic
159,coronavirus
160,email
161,relief
162,promises
163,cure
164,symptom
165,home
166,skype
167,slack
168,zoom
169,webex
170,starting
171,themes
