,0
0,roaming
1,mantis
2,swarms
3,globally
4,spawning
5,ios
6,cryptomining
7,analysis
8,banking
9,trojan
10,focused
11,android
12,rapidly
13,evolved
14,roaming
15,mantis
16,mobile
17,banking
18,trojan
19,roaming
20,afield
21,ever
22,analysis
23,rapidly
24,evolved
25,targeting
26,europe
27,middle
28,east
29,addition
30,asian
31,countries
32,following
33,zeitgeist
34,expanding
35,capabilities
36,cryptomining
37,ios
38,roaming
39,mantis
40,mostly
41,mobile
42,spreading
43,dns
44,hijacking
45,typically
46,webpage
47,distributes
48,trojanized
49,application
50,pretends
51,facebook
52,chrome
53,installed
54,manually
55,trojan
56,banker
57,sights
58,wider
59,roaming
60,mantis
61,evolved
62,quickly
63,lab
64,suguru
65,ishimaru
66,analysis
67,posted
68,friday
69,quite
70,improving
71,rapid
72,growth
73,implies
74,strong
75,motivation
76,probably
77,funded
78,infections
79,multilingual
80,front
81,roaming
82,mantis
83,moqhao
84,xloader
85,significantly
86,tweaked
87,apk
88,languages
89,serious
90,expansion
91,languages
92,ago
93,located
94,mostly
95,bangladesh
96,japan
97,south
98,korea
99,ishimaru
100,lab
101,confirmed
102,languages
103,hardcoded
104,arabic
105,armenian
106,bulgarian
107,bengali
108,traditional
109,simplified
110,chinese
111,czech
112,english
113,georgian
114,german
115,hebrew
116,hindi
117,indonesian
118,italian
119,japanese
120,korean
121,malay
122,polish
123,portuguese
124,russian
125,serbo
126,croatian
127,spanish
128,tagalog
129,thai
130,turkish
131,ukrainian
132,vietnamese
133,expansion
134,succeeding
135,terms
136,garnering
137,infect
138,translating
139,languages
140,automatic
141,translator
142,ishimaru
143,clear
144,south
145,korea
146,bangladesh
147,japan
148,longer
149,worst
150,affected
151,countries
152,russia
153,ukraine
154,india
155,bear
156,brunt
157,targets
158,addition
159,broadening
160,target
161,range
162,analysis
163,roaming
164,mantis
165,reveals
166,option
167,targets
168,ios
169,cryptomining
170,option
171,targeting
172,pcs
173,departure
174,primary
175,focus
176,android
177,connects
178,ios
179,apple
180,dot
181,ishimaru
182,dns
183,wouldn
184,resolve
185,doesn
186,exist
187,connecting
188,router
189,rogue
190,dns
191,resolves
192,final
193,mimicking
194,apple
195,reassuring
196,apple
197,dot
198,bar
199,steals
200,ids
201,card
202,card
203,expiration
204,dates
205,cvvs
206,supported
207,languages
208,notably
209,languages
210,bengali
211,georgian
212,missing
213,meanwhile
214,perpetrators
215,mining
216,coinhive
217,executed
218,connects
219,pc
220,cpu
221,usage
222,drastically
223,cryptomining
224,ishimaru
225,better
226,evasion
227,evasion
228,roaming
229,mantis
230,sophisticated
231,examples
232,additions
233,described
234,lab
235,retrieving
236,email
237,pop
238,protocol
239,side
240,dynamic
241,auto
242,generation
243,changing
244,apk
245,inclusion
246,assist
247,identifying
248,environments
249,dynamic
250,auto
251,generation
252,helps
253,blacklisting
254,aside
255,filename
256,apk
257,generation
258,ishimaru
259,automatic
260,generation
261,apk
262,per
263,blacklisting
264,hashes
265,meanwhile
266,older
267,roaming
268,mantis
269,samples
270,connected
271,accessing
272,extracting
273,chinese
274,string
275,decoding
276,sample
277,protocol
278,roaming
279,mantis
280,email
281,protocol
282,retrieve
283,connects
284,email
285,inbox
286,hardcoded
287,outlook
288,pop3
289,ishimaru
290,obtains
291,email
292,chinese
293,extracts
294,string
295,abcd
296,anchor
297,previous
298,apk
299,backdoor
300,commands
301,confirm
302,environments
303,calls
304,os
305,ping
306,running
307,validate
308,availability
309,packet
310,travel
311,detect
312,filtering
313,target
314,detect
315,semi
316,isolated
317,environments
318,mcafee
319,existence
320,roaming
321,mantis
322,distribution
323,south
324,korea
325,target
326,implemented
327,dns
328,hijacking
329,expanded
330,targets
331,wider
332,asian
333,region
334,ishimaru
335,expansion
336,indicates
337,intention
338,slowing
339,rate
