,0
0,android
1,handsets
2,susceptible
3,clever
4,tom
5,spring
6,skip
7,specifics
8,scenarios
9,rogue
10,air
11,provisioning
12,message
13,susceptible
14,phones
15,route
16,traffic
17,hacker
18,controlled
19,proxy
20,android
21,handsets
22,susceptible
23,clever
24,air
25,route
26,traffic
27,rogue
28,proxy
29,hijack
30,features
31,handset
32,homepage
33,mail
34,synchronizing
35,calendars
36,samsung
37,huawei
38,lg
39,sony
40,handsets
41,susceptible
42,ploy
43,agent
44,accepting
45,phone
46,settings
47,route
48,traffic
49,proxy
50,controlled
51,artyom
52,skrobov
53,slava
54,makkaveev
55,blog
56,outlining
57,handset
58,makers
59,samsung
60,lg
61,fixes
62,calling
63,flow
64,huawei
65,generation
66,handsets
67,mate
68,series
69,series
70,updated
71,mitigate
72,sony
73,refused
74,acknowledge
75,stating
76,follow
77,mobile
78,alliance
79,client
80,provisioning
81,oma
82,cp
83,specification
84,android
85,handsets
86,clever
87,specifics
88,air
89,ota
90,provisioning
91,cellular
92,operators
93,deploy
94,settings
95,phone
96,joining
97,describes
98,show
99,anyone
100,ota
101,provisioning
102,message
103,skrobov
104,makkaveev
105,weak
106,ota
107,provisioning
108,tied
109,industry
110,standard
111,approach
112,oma
113,cp
114,affords
115,limited
116,handset
117,cannot
118,whether
119,suggested
120,settings
121,originate
122,operator
123,imposter
124,vulnerable
125,handsets
126,receive
127,settings
128,weakly
129,authenticated
130,provisioning
131,message
132,scenarios
133,hypothetical
134,oma
135,cp
136,message
137,specialized
138,equipment
139,gsm
140,modem
141,cost
142,little
143,sends
144,specially
145,crafted
146,binary
147,message
148,target
149,range
150,phone
151,assuming
152,gullible
153,accept
154,cp
155,challenging
156,authenticity
157,oma
158,cp
159,message
160,modification
161,following
162,settings
163,air
164,mms
165,message
166,proxy
167,homepage
168,bookmarks
169,mail
170,synchronizing
171,calendar
172,scenario
173,involving
174,samsung
175,phone
176,oma
177,cp
178,message
179,accepted
180,route
181,traffic
182,proxy
183,choosing
184,emphasize
185,authenticity
186,overcome
187,needed
188,accept
189,cp
190,scenarios
191,involving
192,huawei
193,lg
194,sony
195,phones
196,needs
197,mobile
198,subscriber
199,identity
200,imsi
201,imsi
202,protocol
203,phone
204,imsi
205,easily
206,identify
207,target
208,imsi
209,reverse
210,imsi
211,lookup
212,reverse
213,imsi
214,lookups
215,cheaply
216,commercial
217,suppliers
218,rogue
219,android
220,application
221,imsi
222,standard
223,api
224,telephonymanager
225,getsystemservice
226,context
227,telephony_service
228,getsubscriberid
229,application
230,permission
231,permission
232,read_phone_state
233,android
234,application
235,require
236,permission
237,wouldn
238,raise
239,suspicion
240,proof
241,concept
242,performed
243,huawei
244,p10
245,lg
246,g6
247,sony
248,xperia
249,xz
250,premium
251,range
252,samsung
253,galaxy
254,phones
255,s9
