,0
0,microsoft
1,onenote
2,sidestep
3,microsoft
4,onenote
5,skip
6,microsoft
7,onenote
8,onenote
9,distribute
10,agent
11,tesla
12,keylogger
13,onenote
14,microsoft
15,digital
16,notebook
17,automatically
18,saves
19,syncs
20,notes
21,onto
22,utilizing
23,onenote
24,easily
25,experiment
26,delivered
27,agent
28,tesla
29,keylogger
30,email
31,onenote
32,thanks
33,ease
34,accessibility
35,onenote
36,notebook
37,times
38,experiment
39,intrusion
40,improve
41,odds
42,successfully
43,email
44,analysis
45,numerous
46,agent
47,tesla
48,keylogger
49,payloads
50,email
51,company
52,purporting
53,marketing
54,manager
55,scope
56,targets
57,thus
58,tiny
59,cc
60,eventually
61,brought
62,onenote
63,span
64,weeks
65,swapped
66,layout
67,onenote
68,cycling
69,templates
70,samples
71,template
72,versions
73,sends
74,office
75,later
76,template
77,versions
78,tweaked
79,linking
80,onenote
81,versions
82,transfer
83,successfully
84,received
85,bank
86,transfer
87,onedrive
88,synced
89,organization
90,backup
91,auto
92,fix
93,issue
94,brought
95,microsoft
96,onenote
97,cases
98,delivered
99,downloader
100,attempted
101,binary
102,binary
103,agent
104,tesla
105,keylogger
106,decrypted
107,run
108,memory
109,agent
110,tesla
111,collects
112,exfiltrates
113,stored
114,logins
115,keystrokes
116,interestingly
117,tied
118,failed
119,improper
120,customization
121,indicating
122,inexperienced
123,initially
124,downloaders
125,payloads
126,stored
127,google
128,newer
129,loaders
130,attempted
131,fetch
132,payloads
133,provided
134,downloaders
135,newer
136,loaders
137,fail
138,accomplish
139,tasks
140,improper
141,customization
142,error
143,indicative
144,less
145,capable
146,operator
147,leverages
148,pre
149,falls
150,short
151,modifying
152,microsoft
153,onenote
154,onenote
155,gives
156,advantages
157,allowed
158,easily
159,swap
160,templates
161,adapt
162,onenote
163,allowed
164,slip
165,traditional
166,defenses
167,environments
168,protected
169,microsoft
170,exchange
171,online
172,protection
173,fireeye
174,enterprise
175,gateways
176,microsoft
177,onenote
178,inherent
179,posed
180,sources
181,traditional
182,protections
183,trained
184,onenote
185,prove
186,ineffective
187,properly
188,addressed
189,pave
190,prolific
191,infection
192,beyond
193,onenote
194,onedrive
195,wide
196,array
197,cloud
198,sources
199,microsoft
200,sway
201,microsoft
202,google
203,docs
204,zoho
205,docs
206,offered
207,crm
208,mail
209,zoho
210,having
211,readily
212,accessible
213,requires
214,maintenance
215,effectively
216,acts
217,database
218,significantly
219,lowers
220,upkeep
221,needed
222,downside
223,evolved
224,nefarious
225,google
226,displays
227,bottom
228,warns
229,submit
230,google
231,forms
232,microsoft
233,forms
234,survey
235,enable
