,0
0,oscar
1,bait
2,literally
3,abuse
4,nominated
5,films
6,becky
7,bracken
8,judas
9,black
10,messiah
11,favorite
12,picture
13,academy
14,awards
15,sunday
16,fave
17,anticipation
18,surrounding
19,upcoming
20,academy
21,awards
22,broadcast
23,sunday
24,stream
25,oscar
26,nominated
27,films
28,reality
29,turns
30,prior
31,winners
32,announced
33,ceremony
34,film
35,fans
36,watch
37,nominated
38,movies
39,ready
40,strike
41,hopes
42,watching
43,oscar
44,nominated
45,movie
46,visited
47,shown
48,minutes
49,film
50,register
51,watching
52,issued
53,friday
54,scam
55,detailed
56,registration
57,confirm
58,region
59,residence
60,bank
61,card
62,money
63,debited
64,card
65,expected
66,film
67,play
68,titles
69,picture
70,oscar
71,categories
72,abused
73,films
74,spread
75,films
76,nominated
77,oscars
78,picture
79,category
80,spread
81,purportedly
82,watch
83,movies
84,judas
85,black
86,messiah
87,abused
88,film
89,accounting
90,promising
91,young
92,woman
93,trial
94,chicago
95,abused
96,scam
97,offering
98,streams
99,oscar
100,nominated
101,films
102,academy
103,award
104,nominated
105,film
106,titles
107,spread
108,nomadland
109,mank
110,minari
111,father
112,sound
113,metal
114,analysts
115,concerns
116,waning
117,bit
118,thanks
119,rise
120,streaming
121,improved
122,surrounding
123,video
124,tried
125,monetize
126,sources
127,entertainment
128,movies
129,anton
130,ivanov
131,expert
132,big
133,events
134,film
135,industry
136,boost
137,cybercriminal
138,community
139,today
140,nowadays
141,switching
142,streaming
143,require
144,downloading
145,films
146,serve
147,spread
148,spam
149,email
150,headlines
151,good
152,paydays
153,almost
154,worldwide
155,headline
156,producing
157,opportunity
158,cash
159,everything
160,holidays
161,valentine
162,sporting
163,events
164,fifa
165,cup
166,excited
167,frenzy
168,protection
169,scam
170,educating
171,teaching
172,recognize
173,email
174,putting
175,protective
176,heather
177,paunet
178,vice
179,president
180,untangle
181,adversaries
182,creative
183,infiltrate
184,networks
185,keeping
186,trained
187,necessary
188,strengthen
