,0
0,google
1,swipes
2,office
3,microsoft
4,office
5,targeting
6,microsoft
7,leverages
8,bogus
9,google
10,microsoft
11,targeting
12,email
13,aiming
14,office
15,add
16,air
17,legitimacy
18,google
19,logos
20,company
21,email
22,unsuccessfully
23,banking
24,sector
25,email
26,google
27,google
28,helps
29,spam
30,abuse
31,turing
32,tell
33,humans
34,bots
35,apart
36,fire
37,hydrant
38,series
39,images
40,pass
41,office
42,notable
43,targeting
44,aim
45,business
46,leaders
47,titles
48,vice
49,president
50,managing
51,higher
52,degree
53,company
54,zscaler
55,threatlabz
56,friday
57,aim
58,valuable
59,company
60,assets
61,email
62,voicemail
63,email
64,pretend
65,automated
66,email
67,unified
68,communications
69,voicemail
70,email
71,tells
72,left
73,message
74,jan
75,along
76,lone
77,titled
78,vmail
79,htm
80,tells
81,email
82,review
83,microsoft
84,email
85,sample
86,credit
87,zscaler
88,encounter
89,google
90,screen
91,typical
92,box
93,featuring
94,checkbox
95,must
96,robot
97,triggers
98,turing
99,filling
100,directed
101,microsoft
102,screen
103,logos
104,company
105,logo
106,company
107,sciencelogic
108,office
109,rental
110,company
111,bizspace
112,reveals
113,done
114,homework
115,customizing
116,fit
117,input
118,message
119,tells
120,validation
121,microsoft
122,mimics
123,microsoft
124,credit
125,zscaler
126,show
127,message
128,validation
129,shown
130,recording
131,voicemail
132,message
133,play
134,allowing
135,suspicion
136,variety
137,generic
138,xyz
139,club
140,online
141,typically
142,utilized
143,spam
144,purchased
145,less
146,low
147,price
148,adding
149,believability
150,google
151,microsoft
152,credit
153,zscaler
154,adversaries
155,bogus
156,targeting
157,polish
158,bank
159,email
160,eventually
161,bankbot
162,onto
163,google
164,seem
165,realistic
166,purported
167,voicemail
168,play
169,voice
170,message
171,play
172,audi
173,wav
174,eventually
175,redirecting
176,message
177,above
178,examples
179,show
180,continues
181,successfully
182,adds
183,legitimacy
184,utilizing
185,google
186,recaptchas
187,targeting
188,executives
189,industry
190,verticals
191,microsoft
192,office
193,faced
194,sophisticated
195,scam
196,pretends
197,automated
198,message
199,microsoft
200,teams
201,reality
202,office
203,office365
204,targeting
205,hospitality
206,industry
207,visual
208,captchas
209,adopted
210,google
211,translate
212,fonts
213,scam
214,seem
