,0
0,cyberattackers
1,embrace
2,captchas
3,hide
4,captcha
5,protected
6,snowballing
7,lately
8,cyberattackers
9,google
10,aka
11,robot
12,function
13,captcha
14,obscure
15,signs
16,evasion
17,efforts
18,losing
19,efficacy
20,captchas
21,familiar
22,challenges
23,confirm
24,turing
25,ish
26,puzzles
27,usually
28,involve
29,photos
30,grid
31,certain
32,object
33,typing
34,presented
35,blurred
36,distorted
37,idea
38,weed
39,bots
40,ecommerce
41,online
42,serve
43,purpose
44,crooks
45,infosec
46,insiders
47,newsletter
48,hiding
49,captchas
50,prevents
51,crawlers
52,detecting
53,adds
54,friday
55,writeup
56,palo
57,alto
58,networks
59,unit
60,though
61,increasingly
62,pay
63,employing
64,obfuscation
65,average
66,captcha
67,protected
68,per
69,beyond
70,categories
71,besides
72,endless
73,litany
74,scam
75,gateways
76,captcha
77,evasion
78,rise
79,unit
80,survey
81,lottery
82,scam
83,grayware
84,posting
85,exchange
86,chance
87,winning
88,lottery
89,lured
90,disclosing
91,birth
92,banking
93,annual
94,income
95,etc
96,show
97,captcha
98,challenges
99,suspect
100,automation
101,versions
102,sucker
103,visitors
104,growing
105,category
106,abusing
107,captcha
108,hxxps
109,davidemoscato
110,serves
111,jar
112,hidden
113,scanners
114,protecting
115,captcha
116,challenge
117,captcha
118,protected
119,good
120,news
121,unit
122,detect
123,association
124,captcha
125,keys
126,housing
127,captcha
128,sub
129,requests
130,parsed
131,reveal
132,api
133,parameters
134,identifiers
135,parsed
136,searched
137,reuse
138,captcha
139,keys
140,simplify
141,infrastructure
142,blocked
143,captcha
144,keys
145,webpage
146,targeting
147,microsoft
148,separate
149,apple
150,id
151,mass
152,grayware
153,sophisticated
154,evasion
155,escape
156,automated
157,crawlers
158,concluded
159,fortunately
160,infrastructure
161,ecosystem
162,chance
163,indicators
164,captcha
165,identifiers
166,association
