,0
0,novel
1,weird
2,spam
3,nate
4,nelson
5,write
6,novel
7,takes
8,disparity
9,browsers
10,email
11,inboxes
12,sneaking
13,email
14,inboxes
15,clever
16,takes
17,difference
18,email
19,inboxes
20,browsers
21,monday
22,perception
23,infosec
24,insiders
25,newsletter
26,crafted
27,unusual
28,symbol
29,middle
30,ordinary
31,email
32,interpreted
33,browsers
34,interpreted
35,thus
36,email
37,successfully
38,bypassed
39,targets
40,inside
41,directed
42,nonetheless
43,lame
44,perception
45,incident
46,ir
47,flagged
48,hasily
49,email
50,trying
51,pass
52,itself
53,microsoft
54,notice
55,held
56,message
57,directing
58,follow
59,hyperlink
60,directed
61,masquerading
62,outlook
63,hacker
64,design
65,choices
66,poor
67,supposed
68,outlook
69,storageapi
70,fleek
71,co
72,followed
73,series
74,random
75,characters
76,theory
77,overlooked
78,flags
79,submitted
80,microsoft
81,gone
82,mystery
83,low
84,email
85,trained
86,spot
87,sophisticated
88,frauds
89,email
90,background
91,pause
92,moment
93,webpage
94,bar
95,string
96,characters
97,symbol
98,followed
99,abc123
100,www
101,depending
102,return
103,error
104,message
105,disappear
106,trace
107,why
108,browsers
109,enable
110,automatically
111,visit
112,syntax
113,follows
114,username
115,resource
116,ext
117,browsers
118,interpret
119,string
120,browsers
121,ignore
122,string
123,whatever
124,follows
125,following
126,ll
127,microsoft
128,removed
129,explorer
130,easily
131,mask
132,ones
133,following
134,www
135,wingtiptoys
136,opens
137,www
138,wingtiptoys
139,brings
140,crux
141,today
142,news
143,hacker
144,embedded
145,email
146,story
147,established
148,browsers
149,email
150,symbol
151,middle
152,differently
153,knowledge
154,ignored
155,email
156,email
157,instances
158,legitimately
159,motti
160,elloul
161,vice
162,president
163,success
164,incident
165,perception
166,email
167,refer
168,body
169,message
170,reason
171,ir
172,email
173,cannot
174,recognize
175,symbol
176,cover
177,email
178,filter
179,underneath
180,regular
181,old
182,impact
183,hacker
184,unknown
185,coming
186,japan
187,went
188,wide
189,range
190,targets
191,telecom
192,organization
193,elloul
194,none
195,email
196,managed
197,targets
198,despite
199,failure
200,elloul
201,catch
202,quickly
203,proof
204,concept
205,proved
206,identify
207,fallout
208,slipping
209,teams
210,engines
211,double
212,structure
213,whenever
