,0
0,spy
1,targets
2,mideast
3,officials
4,surveillanceware
5,deployed
6,android
7,ios
8,primarily
9,middle
10,east
11,android
12,surveillance
13,ware
14,bent
15,extracting
16,officials
17,primarily
18,middle
19,east
20,dubbed
21,stealth
22,mango
23,collect
24,gigabytes
25,infrastructure
26,records
27,audio
28,recordings
29,location
30,message
31,targeting
32,gathering
33,operated
34,members
35,pakistani
36,military
37,investigation
38,indicates
39,surveillance
40,ware
41,successfully
42,mobile
43,government
44,officials
45,members
46,military
47,medical
48,professionals
49,civilians
50,stealth
51,mango
52,initially
53,uploads
54,tracks
55,changes
56,occur
57,soon
58,happen
59,installed
60,changes
61,sim
62,cards
63,pictures
64,audio
65,stored
66,lists
67,stealth
68,mango
69,evolving
70,showed
71,functionality
72,logging
73,screenshot
74,captures
75,screen
76,record
77,functionality
78,ability
79,track
80,ability
81,message
82,databases
83,social
84,application
85,ballpark
86,figure
87,impacted
88,targeting
89,surveillance
90,government
91,officials
92,members
93,military
94,activists
95,pakistan
96,afghanistan
97,india
98,iraq
99,arab
100,emirates
101,officials
102,countries
103,germany
104,swept
105,believes
106,stealth
107,mango
108,transparent
109,tribe
110,major
111,targeting
112,indian
113,embassies
114,saudi
115,arabia
116,kazakhstan
117,indian
118,military
119,stealth
120,mango
121,watering
122,hole
123,distribute
124,watering
125,hole
126,targets
127,facebook
128,messenger
129,suggests
130,personas
131,connect
132,targets
133,coerce
134,installing
135,onto
136,watering
137,hole
138,purports
139,android
140,application
141,store
142,apkmonk
143,application
144,azurewebsites
145,net
146,direct
147,stealth
148,mango
149,apk
150,initiated
151,takedown
152,microsoft
153,watering
154,hole
155,ultimately
156,suspended
157,multi
158,capabilities
159,focused
160,stealth
161,mango
162,android
163,component
164,evidence
165,ios
166,believed
167,tangelo
168,developed
169,developer
170,unclear
171,ios
172,component
173,trial
174,phase
175,ios
176,piece
177,alongside
178,stealth
179,mango
180,communicating
181,infrastructure
182,haven
183,piece
184,wild
185,sure
186,deployed
187,michael
188,flossman
189,head
190,interview
191,given
192,existence
193,tangelo
194,pretty
195,sure
196,variation
197,guys
198,freelance
199,developers
200,ties
201,pakistani
202,military
203,physical
204,presences
205,pakistan
206,india
207,states
208,analysis
209,side
210,logs
211,infrastructure
212,showed
213,ips
214,geolocate
215,area
216,area
217,islamabad
218,pakistan
219,detailed
220,nation
221,commodity
222,tooling
223,resorting
224,sort
225,exploit
226,value
227,model
228,andrew
229,blaich
230,head
231,variants
232,terms
233,surveillance
234,ware
235,stuff
236,done
237,utilizing
238,exploits
239,couple
240,surprises
241,approach
242,infrastructure
243,surprised
244,wide
245,flossman
246,focused
247,setting
248,infrastructure
249,securing
250,result
251,exfiltrated
252,publicly
253,accessible
254,surprise
255,flossman
256,infrastructure
257,running
258,wso
259,shell
260,provides
261,complete
262,unclear
263,deployed
264,came
265,mid
266,release
267,stealth
268,mango
269,moment
270,infrastructure
271,expect
272,disappear
273,expect
274,surface
275,mobile
276,components
277,flossman
