,0
0,gang
1,goes
2,paypal
3,skip
4,stop
5,sophisticated
6,anti
7,technologies
8,prolific
9,gang
10,paypal
11,target
12,zerofox
13,alpha
14,features
15,personally
16,identifiable
17,pii
18,money
19,transfer
20,geolocation
21,email
22,credit
23,card
24,phone
25,investigating
26,infrastructure
27,establish
28,sends
29,path
30,operational
31,subsequently
32,exfiltrated
33,smtp
34,controlled
35,email
36,inbox
37,english
38,japanese
39,spanish
40,german
41,thai
42,webinar
43,promo
44,mobile
45,application
46,intercept
47,traffic
48,panel
49,rents
50,friendly
51,deploy
52,needing
53,understand
54,underlying
55,protocols
56,saas
57,product
58,experience
59,dashboard
60,analytics
61,keys
62,success
63,zerofox
64,posting
65,panel
66,professionally
67,done
68,reactive
69,elements
70,updating
71,whether
72,collected
73,email
74,collected
75,credit
76,cards
77,bots
78,operators
79,success
80,quick
81,efficient
82,manner
83,analysis
84,showed
85,anti
86,bot
87,anti
88,indexing
89,features
90,idea
91,block
92,automated
93,crawlers
94,vendors
95,indexers
96,limit
97,exposure
98,evasion
99,blacklist
100,named
101,blacklist
102,dat
103,secondly
104,anti
105,crawling
106,library
107,crawlerdetect
108,versions
109,employ
110,integration
111,antibot
112,pw
113,antibot
114,api
115,endpoint
116,operators
117,load
118,api
119,visitor
120,agent
121,antibot
122,visitor
123,bot
124,antibot
125,offers
126,shortening
127,clickthrough
128,tracking
129,bank
130,identification
131,bin
132,checking
133,authors
134,honest
135,block
136,scanning
137,indexing
138,engines
139,quicker
140,automated
141,uncover
142,faster
143,zerofox
144,stop
145,distributed
146,model
147,operators
148,located
149,southeast
150,asia
151,publicly
152,attributed
153,indonesian
154,army
155,specifically
156,authors
157,devilscream
158,moniker
159,plastered
160,distribution
161,zerofox
162,rental
163,detailed
164,installation
165,tear
166,instructions
167,versions
168,options
169,live
170,channels
171,social
172,email
173,updates
174,upsell
175,portals
176,round
177,purchase
178,amazon
179,paypal
180,antibot
181,features
182,incurs
183,fear
184,missing
185,causes
186,operator
187,purchase
188,employs
189,digital
190,rights
191,management
192,drm
193,limiting
194,deploys
195,per
196,unless
197,buy
198,initially
199,targeting
200,apple
201,moved
202,amazon
203,writeup
204,zerofox
205,evidence
206,adding
207,american
208,express
209,authors
210,product
211,features
212,marketing
213,saas
214,advertise
215,sell
216,deploy
217,maintain
218,concluded
219,zerofox
