,0
0,ultra
1,sneaky
2,scam
3,swipes
4,facebook
5,warn
6,looks
7,deceptively
8,realistic
9,bent
10,facebook
11,turning
12,heads
13,hides
14,intent
15,management
16,company
17,myki
18,reproduces
19,social
20,prompt
21,realistic
22,format
23,inside
24,block
25,block
26,embedded
27,must
28,convinced
29,visit
30,raise
31,issue
32,quickly
33,realistic
34,deceptively
35,antoine
36,vincent
37,jebara
38,co
39,founder
40,ceo
41,myki
42,analysis
43,scam
44,jebara
45,investigated
46,scam
47,myki
48,manager
49,complaining
50,manager
51,auto
52,filling
53,investigation
54,led
55,suspect
56,visited
57,design
58,realistic
59,social
60,popup
61,prompt
62,status
63,bar
64,navigation
65,bar
66,shadows
67,perfectly
68,reproduced
69,exactly
70,prompt
71,visits
72,somehow
73,convince
74,visit
75,social
76,engineering
77,otherwise
78,prompted
79,facebook
80,false
81,prompt
82,video
83,demo
84,outlined
85,below
86,showed
87,popup
88,appeared
89,trying
90,purporting
91,news
92,weekly
93,journal
94,facebook
95,pop
96,looks
97,realistic
98,interact
99,drag
100,dismiss
101,prompt
102,fill
103,username
104,jebara
105,yourself
106,try
107,drag
108,prompt
109,away
110,window
111,currently
112,displayed
113,dragging
114,fails
115,popup
116,disappears
117,beyond
118,edge
119,window
120,definite
121,popup
122,general
123,precaution
124,drag
125,popups
126,away
127,position
128,spot
129,abnormal
130,behavior
131,managers
132,window
133,determine
134,auto
135,fill
136,facebook
137,continued
138,expand
139,continuously
140,updating
141,trickier
142,google
143,translate
144,fonts
145,respondents
146,experienced
147,surprise
148,led
149,hacks
150,whether
151,hijacking
152,spotify
153,breaches
154,san
155,diego
156,unified
157,school
158,district
