,0
0,exposed
1,discovery
2,bulletprooflink
3,provides
4,email
5,templates
6,sheds
7,light
8,wannabe
9,business
10,microsoft
11,organization
12,sophisticated
13,phaas
14,turnkey
15,customize
16,develop
17,ploys
18,phaas
19,email
20,templates
21,needed
22,microsoft
23,marketed
24,bulletprooflink
25,high-ranking
26,volume
27,newly
28,subdomains
29,run
30,microsoft
31,defender
32,investigation
33,led
34,rabbit
35,hole
36,unearthed
37,enabled
38,infosec
39,insiders
40,newsletter
41,templates
42,mimic
43,brands
44,microsoft
45,itself
46,bulletprooflink
47,responsible
48,impact
49,enterprises
50,today
51,dupe
52,socially
53,engineered
54,email
55,online
56,store
57,phishers
58,email
59,sometimes
60,fool
61,company
62,application
63,institution
64,direct
65,specially
66,crafted
67,thinking
68,doing
69,reason
70,gateway
71,drug
72,criminal
73,phishers
74,sell
75,obtained
76,dark
77,gangs
78,entry
79,networks
80,nefarious
81,facilitator
82,bulletprooflink
83,bulletproftlink
84,anthrax
85,operators
86,ads
87,promotional
88,materials
89,provides
90,starting
91,significant
92,business
93,maintains
94,aliases
95,leverages
96,youtube
97,vimeo
98,offering
99,instructional
100,videos
101,advertisements
102,promotional
103,materials
104,hawk
105,wares
106,plethora
107,underground
108,forums
109,wanted
110,build
111,email
112,landscape
113,evolved
114,economy
115,purchase
116,infrastructure
117,investing
118,offerings
119,business
120,packaged
121,sold
122,basis
123,ready
124,email
125,templates
126,accompanied
127,mircboot
128,purchase
129,offering
130,raas
131,game
132,significant
133,investment
134,phaas
135,bread
136,butter
137,bulletprooflink
138,follows
139,model
140,pay
141,operator
142,develop
143,turnkey
144,everything
145,false
146,parsing
147,redistribution
148,diving
149,deeper
150,phaas
151,took
152,deeper
153,dive
154,bulletprooflink
155,phaas
156,uncover
157,flourishing
158,phishers
159,explains
160,provides
161,sale
162,scam
163,monthly
164,subscription
165,hosts
166,serve
167,online
168,store
169,register
170,advertise
171,monthly
172,subscriptions
173,monthly
174,costs
175,cost
176,dollars
177,bitcoin
178,bulletprooflink
179,organization
180,typical
181,offering
182,welcome
183,discount
184,orders
185,subscribe
186,newsletter
187,interesting
188,phaas
189,model
190,bulletprooflink
191,follows
192,raas
193,model
194,double
195,extortion
196,double
197,theft
198,describe
199,generally
200,involves
201,exfiltrating
202,posting
203,publicly
204,addition
205,encrypting
206,pressure
207,organization
208,pay
209,ransom
210,workflow
211,present
212,economy
213,bulletprooflink
214,phaas
215,model
216,secondary
217,location
218,acquired
219,cases
220,received
221,logs
222,conducting
223,themselves
224,phaas
225,operator
226,maintained
227,resell
228,raas
229,phaas
230,operators
231,supplying
232,facilitate
233,maximize
234,monetization
235,assuring
236,ensures
237,undergound
238,economy
