,0
0,innovative
1,inroads
2,azure
3,blob
4,approach
5,hinges
6,lack
7,cloud
8,savvy
9,fresh
10,office
11,employs
12,forms
13,azure
14,blob
15,signed
16,microsoft
17,ssl
18,certificates
19,lend
20,air
21,legitimacy
22,azure
23,blob
24,cloud
25,solution
26,unstructured
27,images
28,video
29,accessed
30,connections
31,signed
32,ssl
33,certificate
34,microsoft
35,displayed
36,netskope
37,spam
38,pdf
39,disguised
40,law
41,denver
42,displayed
43,scan
44,please
45,review
46,email
47,directed
48,office
49,stored
50,microsoft
51,azure
52,blob
53,solution
54,little
55,tip
56,valid
57,blob
58,blob
59,core
60,net
61,urk
62,marked
63,thanks
64,ssl
65,certificate
66,checks
67,certificate
68,signature
69,issued
70,microsoft
71,tls
72,ca
73,enters
74,whisked
75,away
76,claim
77,preparing
78,supposed
79,legal
80,eventually
81,redirects
82,microsoft
83,product
84,netskope
85,targeting
86,gambits
87,ashwin
88,vamshi
89,netskope
90,expect
91,sophisticated
92,grow
93,popularity
94,combination
95,microsoft
96,certificate
97,bait
98,particularly
99,difficult
100,recognize
101,interview
102,propagation
103,thanks
104,netskope
105,calls
106,cloud
107,fan
108,effect
109,terms
110,fan
111,effect
112,refers
113,artefact
114,email
115,shared
116,sanctioned
117,application
118,shared
119,cloud
120,folder
121,thus
122,increasing
123,scope
124,instantly
125,vamshi
126,results
127,occurrence
128,secondary
129,propagation
130,inadvertently
131,shares
132,email
133,saved
134,cloud
135,colleagues
136,whether
137,internal
138,external
139,cloud
140,occurs
141,though
142,propagates
143,affected
144,exponentially
145,enterprise
146,teams
147,largely
148,turned
149,blind
150,eye
151,cloud
152,vamshi
153,cloud
154,built
155,increased
156,collaboration
157,productivity
158,capabilities
159,auto
160,sync
161,api
162,communication
163,capabilities
164,quickly
165,propagate
166,environment
167,addition
168,cloud
169,location
170,difficult
171,determine
172,remediate
173,organization
174,combat
175,cloud
176,gambit
177,vamshi
178,represents
179,innovative
180,approach
181,cybercrime
182,scene
183,educating
184,standard
185,azure
186,google
187,amazon
188,recognize
189,official
190,microsoft
191,traditional
192,trainings
193,evolved
194,modern
195,usage
196,cloud
197,savvy
198,understand
199,random
200,sounding
201,cloud
202,vamshi
203,practice
204,compare
205,typically
206,logging
207,detailed
208,cloud
209,recognize
210,onedriveunbound80343
211,blob
212,core
213,net
214,exceltyrantship68694
215,excel
216,azure
217,blob
218,therefore
219,official
220,microsoft
221,highlight
222,practices
223,enterprises
224,understand
225,shared
226,responsibility
227,model
228,identify
229,responsible
230,evaluate
231,gaps
232,adoption
233,cloud
234,evasion
235,educate
236,professionals
237,safe
238,usage
239,cloud
