,0
0,targets
1,mobile
2,bank
3,application
4,north
5,america
6,mobile
7,banking
8,tom
9,spring
10,rbc
11,hsbc
12,td
13,meridian
14,bnc
15,chase
16,targeting
17,mobile
18,targeting
19,dozen
20,north
21,american
22,banks
23,chase
24,royal
25,bank
26,canada
27,td
28,bank
29,managed
30,hook
31,nearly
32,automated
33,blast
34,bogus
35,message
36,mobile
37,phone
38,mobile
39,mobile
40,message
41,claiming
42,bank
43,detected
44,tied
45,message
46,built
47,mobile
48,mirroring
49,mobile
50,banking
51,application
52,layouts
53,sizing
54,mobile
55,banking
56,privacy
57,activate
58,mobile
59,banking
60,apurva
61,kumar
62,staff
63,engineer
64,kristin
65,del
66,rosso
67,engineer
68,friday
69,pointed
70,mobile
71,advantages
72,desktop
73,equivalents
74,mobile
75,message
76,spoofing
77,less
78,scrutinized
79,mobile
80,typically
81,move
82,less
83,scrutinize
84,authenticity
85,message
86,message
87,attractive
88,condensed
89,mobile
90,display
91,entire
92,harder
93,determine
94,legitimacy
95,banks
96,impacted
97,scam
98,scotiabank
99,cibc
100,royal
101,bank
102,canada
103,uni
104,hsbc
105,tangerine
106,td
107,bank
108,meridian
109,laurentian
110,manulife
111,bnc
112,chase
113,hooked
114,prompted
115,divulge
116,answers
117,questions
118,birth
119,credit
120,card
121,expiration
122,username
123,course
124,phones
125,logged
126,adversaries
127,multi
128,application
129,mobile
130,banking
131,consumers
132,increasingly
133,accustomed
134,banks
135,communicating
136,message
137,traffic
138,analysis
139,bogus
140,mobile
141,banking
142,revealed
143,provided
144,determined
145,followed
146,answering
147,limited
148,questions
149,abandoning
150,screenshot
151,right
152,image
153,highlights
154,went
155,providing
156,birth
157,fully
158,completing
