,0
0,amazon
1,prime
2,spurs
3,spike
4,amazon
5,prime
6,spike
7,defrauding
8,amazon
9,aim
10,prime
11,field
12,tapping
13,amazon
14,annual
15,discount
16,shopping
17,subscribers
18,prime
19,spike
20,fraudulently
21,amazon
22,spike
23,monthly
24,amazon
25,significant
26,covid
27,pandemic
28,forced
29,indoors
30,bolster
31,webinar
32,promo
33,retail
34,register
35,shoppers
36,gear
37,days
38,deals
39,preparing
40,prey
41,unwary
42,let
43,guard
44,snap
45,bargains
46,prime
47,happens
48,days
49,falls
50,oct
51,amazon
52,prime
53,enjoy
54,special
55,sales
56,discounts
57,brands
58,mark
59,biggest
60,shopping
61,online
62,retail
63,giant
64,amazon
65,yielded
66,billion
67,sales
68,hour
69,bigger
70,decline
71,brick
72,mortar
73,retail
74,close
75,proximity
76,holidays
77,indeed
78,mandatory
79,stay
80,home
81,orders
82,globally
83,began
84,covid
85,pandemic
86,significantly
87,boosted
88,amazon
89,business
90,signs
91,abating
92,analyzed
93,millions
94,track
95,amazon
96,logos
97,amazon
98,features
99,consumer
100,behaviors
101,try
102,online
103,shoppers
104,targets
105,returns
106,cancellations
107,prime
108,www
109,amazoncustomersupport
110,net
111,mimics
112,amazon
113,closer
114,examination
115,clearly
116,defraud
117,consumers
118,clear
119,evidence
120,phone
121,amazon
122,encourage
123,phone
124,takes
125,phone
126,amazon
127,requests
128,bank
129,credit
130,card
131,clear
132,intent
133,amazon
134,offers
135,refunds
136,gift
137,cards
138,ask
139,amazon
140,requires
141,purchases
142,returns
143,smaller
144,issues
145,overlooked
146,broken
147,amazon
148,prime
149,logo
150,clues
151,behavior
152,shoppers
153,general
154,shop
155,prime
156,takes
157,consumers
158,inherent
159,love
160,gift
161,www
162,fr
163,suivre
164,vip
165,promotes
166,amazon
167,loyalty
168,program
169,offers
170,iphone
171,pro
172,answer
173,survey
174,questions
175,answering
176,questions
177,directed
178,game
179,win
180,credit
181,card
182,info
183,charge
184,receive
185,iphone
186,screenshot
187,iphone
188,validated
189,received
190,phones
191,despite
192,glowing
193,reviews
194,phone
195,arrive
196,shopper
197,begins
198,strange
199,charges
200,credit
201,card
202,provided
203,fortunately
204,amazon
205,prime
206,plan
207,anyone
208,else
209,shopping
210,amazon
211,days
212,avoiding
213,online
214,difficult
215,shoppers
216,start
217,directly
218,amazon
219,pay
220,close
221,attention
222,experience
223,ensure
224,nothing
225,ordinary
226,shoppers
227,aware
228,prepared
229,situation
230,diligence
231,attention
232,detail
233,shoppers
234,deals
235,scammed
236,amazon
237,steps
238,business
239,continues
240,boom
241,cybercrime
242,inevitably
243,following
244,suit
245,kevin
246,beasley
247,cio
248,enterprise
249,management
250,vai
251,minimize
252,breaches
253,issues
254,retailers
255,amazon
256,must
257,install
258,multi
259,logins
260,policies
261,email
262,online
263,retailers
264,board
265,ahead
266,busy
267,holiday
268,season
269,environment
270,beasley
271,done
272,installing
273,layers
274,infrastructure
275,operating
276,hardware
277,continuous
278,testing
279,automating
280,scans
281,hardware
282,seek
283,vulnerabilities
284,patch
285,issues
286,arise
