,0
0,scam
1,cloaks
2,google
3,banking
4,google
5,email
6,target
7,bank
8,google
9,recaptchas
10,scam
11,peddling
12,mask
13,google
14,targeting
15,polish
16,bank
17,email
18,sucuri
19,email
20,eventually
21,bankbot
22,onto
23,android
24,targeting
25,banking
26,remotely
27,controlled
28,android
29,banking
30,trojan
31,capable
32,banking
33,bank
34,application
35,message
36,displaying
37,unsolicited
38,push
39,notifications
40,bankbot
41,scooping
42,logs
43,location
44,investigation
45,targeting
46,polish
47,bank
48,luke
49,leak
50,sucuri
51,analysis
52,employed
53,impersonation
54,panic
55,bait
56,email
57,downloading
58,banking
59,email
60,confirmation
61,transaction
62,along
63,bank
64,email
65,alarmed
66,confirmation
67,unknown
68,transaction
69,prompting
70,bit
71,typically
72,consists
73,mailer
74,construct
75,itself
76,leak
77,cases
78,replica
79,whatever
80,institution
81,targeting
82,error
83,loaded
84,google
85,combination
86,elements
87,google
88,mechanism
89,distinguishing
90,bots
91,true
92,looks
93,feel
94,though
95,decent
96,job
97,replicating
98,google
99,relies
100,static
101,elements
102,images
103,unless
104,coding
105,changed
106,leak
107,doesn
108,audio
109,replay
110,unlike
111,google
112,scam
113,determined
114,android
115,drop
116,apk
117,zip
118,dropper
119,besides
120,bankbot
121,android
122,labeled
123,banker
124,artemis
125,virustotal
126,varying
127,anti
128,virus
129,programs
130,shortly
131,discovery
132,application
133,trojanized
134,bankbot
135,google
136,play
137,beginning
138,confirmed
139,application
140,derived
141,public
142,underground
143,forums
144,eset
145,analysis
146,bankbot
147,public
148,availability
149,led
150,surge
151,sophistication
152,mobile
153,banking
154,trojans
155,scam
156,continued
157,step
158,game
159,continuously
160,updating
161,trickier
162,google
163,translate
164,fonts
165,scam
166,seem
167,leak
168,cause
169,serious
170,headaches
171,owners
172,directories
173,uploaded
174,leak
175,dealing
176,delete
177,complaint
178,strongly
179,encourage
180,administrators
181,scan
182,existing
183,database
184,ll
185,prevent
186,accessing
187,environment
