,0
0,aes
1,michael
2,mimoso
3,seeking
4,apple
5,card
6,aes
7,ring
8,labs
9,chasing
10,apple
11,card
12,ramped
13,efforts
14,hide
15,encrypting
16,aes
17,ring
18,labs
19,disclosed
20,pointing
21,buffering
22,fairly
23,weak
24,email
25,adept
26,side
27,stepping
28,scanners
29,reputation
30,flag
31,aes
32,encryption
33,b64
34,xor
35,routines
36,write
37,load
38,ring
39,labs
40,representative
41,email
42,newer
43,fairly
44,avoiding
45,scanning
46,crawlers
47,aim
48,detect
49,anything
50,surely
51,catch
52,adapt
53,accordingly
54,unknown
55,widespread
56,ring
57,labs
58,sample
59,email
60,submitted
61,anonymously
62,aes
63,manner
64,ring
65,labs
66,encrypting
67,base64
68,encoding
69,contents
70,eval
71,write
72,dom
73,tree
74,load
75,ring
76,labs
77,encryption
78,cool
79,me
80,haven
81,wild
82,scanning
83,surely
84,catch
85,emerging
86,modify
87,scanning
88,detect
89,email
90,sample
91,entices
92,message
93,purchase
94,apple
95,purports
96,receipt
97,apple
98,microsoft
99,office
100,powerpoint
101,ring
102,labs
103,analysis
104,shortened
105,twitter
106,bit
107,ly
108,shortening
109,shortened
110,done
111,twitter
112,resolves
113,shortened
114,bit
115,ly
116,ultimately
117,redirecting
118,email
119,itself
120,submitted
121,stated
122,email
123,poorly
124,written
125,english
126,ring
127,labs
128,email
129,claimed
130,apple
131,stated
132,receipt
133,powerpoint
134,obviously
135,odd
136,behavior
137,contents
138,powerpoint
139,looked
140,semi
141,receipt
142,apple
143,math
144,correctly
145,design
146,spot
147,color
148,grammar
149,layout
150,apple
151,variable
152,aes
153,ring
154,labs
155,decrypted
156,loads
157,function
158,aes
159,ctr
160,decrypt
161,signature
162,scanning
163,ring
164,labs
165,believes
166,aes
167,encryption
168,helps
169,automated
170,reputation
171,crawlers
172,scan
173,essentially
174,blacklist
175,aes
176,encryption
177,remain
178,hidden
179,little
180,longer
181,ring
182,labs
183,numerous
184,obfuscate
185,webpages
186,ton
187,happens
188,apple
189,presents
190,message
191,locked
192,required
193,retrieve
194,questions
195,whose
196,intent
197,retrieve
198,card
