,0
0,nim
1,loader
2,spreads
3,spear
4,email
5,nim
6,spear
7,email
8,spreading
9,loader
10,cobalt
11,strike
12,ta800
13,distributing
14,loader
15,targeting
16,spear
17,email
18,previous
19,twitter
20,analysis
21,loader
22,mere
23,ta800
24,existing
25,bazaloader
26,cites
27,evidence
28,disparate
29,strain
30,separate
31,string
32,decryption
33,hashing
34,algorithm
35,loader
36,written
37,nim
38,programming
39,nim
40,uncommon
41,landscape
42,except
43,rare
44,cases
45,nim
46,downloader
47,zebrocy
48,developers
49,nim
50,defense
51,teams
52,familiar
53,developers
54,choose
55,rare
56,programming
57,reverse
58,engineers
59,familiar
60,nim
61,implementation
62,focused
63,developing
64,therefore
65,sandboxes
66,struggle
67,analyze
68,samples
69,dennis
70,schwarz
71,matthew
72,mesa
73,shared
74,publication
75,distributed
76,ta800
77,ta800
78,affiliate
79,distributor
80,trickbot
81,bazaloader
82,bazarbackdoor
83,bazarcall
84,etc
85,targeting
86,organization
87,approximately
88,verticals
89,unclear
90,primary
91,purpose
92,evidence
93,suggests
94,loader
95,cobalt
96,strike
97,commodity
98,secondary
99,bazaloader
100,versus
101,analysis
102,twitter
103,indicated
104,bazaloader
105,loader
106,ta800
107,primary
108,function
109,downloading
110,executing
111,modules
112,pointed
113,evidence
114,merely
115,bazaloader
116,observations
117,significant
118,differences
119,tracking
120,distinct
121,family
122,cited
123,major
124,differences
125,bazaloader
126,samples
127,flattening
128,obfuscators
129,styles
130,string
131,decryption
132,xor
133,rotate
134,api
135,hashing
136,algorithms
137,apart
138,doesn
139,generation
140,algorithm
141,json
142,communications
143,email
144,spear
145,nim
146,loader
147,sample
148,spear
149,email
150,enlarge
151,credit
152,feb
153,email
154,personalized
155,company
156,message
157,purport
158,coworker
159,saying
160,late
161,driving
162,office
163,email
164,presentation
165,message
166,sends
167,shortened
168,purports
169,pdf
170,preview
171,email
172,email
173,marketing
174,getresponse
175,pdf
176,tells
177,save
178,preview
179,turn
180,takes
181,executable
182,executable
183,closer
184,inspection
185,developed
186,nim
187,evidenced
188,nim
189,strings
190,executable
191,mostly
192,strings
193,xor
194,algorithm
195,per
196,string
197,string
198,timestamp
199,expiration
200,analyzed
201,sample
202,expiration
203,feb
204,meaning
205,run
206,strings
207,commands
208,ability
209,powershell
210,inject
211,shellcode
212,thread
213,public
214,sandbox
215,appeared
216,show
217,receiving
218,powershell
219,ultimately
220,delivered
221,cobalt
222,strike
223,beacon
224,unable
225,validate
226,confirm
227,finding
228,align
229,ta800
230,procedures
231,ttps
232,ta800
233,future
234,ta800
235,targeting
236,wide
237,range
238,north
239,america
240,infecting
241,banking
242,trojans
243,loaders
244,ta800
245,previous
246,email
247,titles
248,employers
249,along
250,targeting
251,company
252,ta800
253,continuing
254,integrate
255,unclear
256,blip
257,radar
258,ta800
259,wider
260,landscape
261,adopted
262,bazalaoder
263,gained
264,wide
265,adoption
