,0
0,google
1,impersonation
2,opens
3,door
4,mitm
5,google
6,advertising
7,tracker
8,homographic
9,characters
10,homographic
11,characters
12,impersonate
13,takes
14,minutes
15,bare
16,modicum
17,skill
18,reaping
19,high-ranking
20,rates
21,success
22,luring
23,independent
24,avi
25,lumelsky
26,homographics
27,impersonate
28,posting
29,homographic
30,characters
31,ascii
32,letters
33,encoding
34,usually
35,noticeable
36,eye
37,homographic
38,character
39,character
40,ɢoogle
41,news
42,compared
43,google
44,news
45,font
46,barely
47,discernable
48,difference
49,lumelsky
50,ago
51,someone
52,bought
53,homographic
54,ɢoogle
55,purposes
56,wondered
57,myself
58,learn
59,ɢoogle
60,acquisition
61,hard
62,good
63,google
64,scratch
65,setting
66,turned
67,main
68,registrars
69,godaddy
70,namecheap
71,google
72,snag
73,appropriate
74,basic
75,search
76,resulted
77,dozen
78,suggestions
79,ɢoogle
80,company
81,ɢoogle
82,email
83,ɢoogle
84,tv
85,ɢoogle
86,life
87,ɢoogletranslate
88,lumelsky
89,price
90,purchased
91,handful
92,obviously
93,identity
94,google
95,company
96,virtual
97,cloud
98,requested
99,letsencrypt
100,certificate
101,safeguard
102,traffic
103,flags
104,browsers
105,chrome
106,showed
107,lock
108,icon
109,thanks
110,certificate
111,providing
112,lumelsky
113,step
114,routing
115,dns
116,traffic
117,cloud
118,dns
119,translates
120,readable
121,machine
122,enables
123,interactions
124,plugins
125,nginx
126,proxy
127,masking
128,true
129,destination
130,dns
131,seal
132,deception
133,google
134,thing
135,proxy
136,my
137,previews
138,fetches
139,google
140,translate
141,exact
142,description
143,pointing
144,my
145,google
146,js
147,runs
148,normally
149,my
150,lumelsky
151,affair
152,took
153,minutes
154,coding
155,mobile
156,phones
157,ɢ
158,my
159,looks
160,completed
161,trial
162,social
163,engineering
164,forays
165,luring
166,visitors
167,little
168,posted
169,threads
170,reddit
171,elsewhere
172,minded
173,targets
174,notice
175,discrepancy
176,eventually
177,ended
178,visitors
179,excluding
180,bots
181,scanners
182,posted
183,looks
184,acts
185,google
186,application
187,step
188,proof
189,concept
190,weaponize
191,aside
192,obvious
193,route
194,functionality
195,man
196,middle
197,ssl
198,handshake
199,google
200,application
201,served
202,functions
203,expected
204,exposed
205,traffic
206,therefore
207,change
208,body
209,google
210,man
211,middle
212,mitm
213,little
214,extract
215,tokens
216,google
217,google
218,lumelsky
219,override
220,tags
221,pointing
222,subdomain
223,google
224,google
225,ɢoogletranslate
226,google
227,overriding
228,pointing
229,maliciously
230,ɢoogletranslate
231,tag
232,href
233,attribute
234,inject
235,tag
236,hijacked
237,body
238,client
239,connecting
240,majority
241,agents
242,visited
243,old
244,browsers
245,haven
246,updated
247,concluded
248,chrome
249,firefox
250,safari
251,agents
252,my
253,logs
254,vulnerable
255,sandbox
256,escape
257,oneself
258,surfers
259,letters
260,inside
261,admins
262,implement
263,rules
264,protocols
265,flag
266,homographic
267,hosts
268,lumelsky
269,filed
270,bug
271,google
272,identifying
273,places
274,kill
275,thwarted
276,allowing
277,ɢoogle
278,sold
279,auto
280,suggested
281,google
282,registrar
283,weak
284,google
285,window
286,location
287,google
288,allowing
289,loaded
290,discussions
291,google
292,thank
293,considerable
294,material
295,thought
296,money
297,homographic
298,interesting
299,social
300,engineering
301,application
302,challenging
303,deploying
304,infrastructure
305,reached
306,google
307,limited
308,google
309,course
310,weaknesses
311,exploits
312,lumelsky
313,pointed
314,ssl
315,certificate
316,letsencrypt
317,homographic
318,until
319,solution
320,big
321,company
322,assets
323,spending
324,lots
325,money
326,steps
327,reproduce
328,pretty
329,anyone
330,basic
331,linux
332,networking
333,knowledge
