,0
0,microsoft
1,office
2,captchas
3,captcha
4,microsoft
5,office
6,captchas
7,office
8,targets
9,must
10,final
11,office
12,targeting
13,hospitality
14,industry
15,visual
16,captchas
17,captchas
18,commonly
19,utilized
20,linkedin
21,google
22,challenge
23,determine
24,whether
25,parts
26,grid
27,object
28,pictured
29,utilized
30,captchas
31,defeat
32,automated
33,crawling
34,ensure
35,interacting
36,though
37,captchas
38,nothing
39,groundbreaking
40,works
41,captcha
42,checks
43,targets
44,finally
45,bringing
46,poses
47,microsoft
48,office
49,happening
50,menlo
51,cognitive
52,bias
53,trained
54,checks
55,benign
56,thing
57,strategy
58,defeat
59,automated
60,crawling
61,attempting
62,identify
63,menlo
64,vinay
65,pidathala
66,unsure
67,specifically
68,targeting
69,targeting
70,primarily
71,insurance
72,finance
73,banking
74,captcha
75,office
76,captchas
77,presented
78,credit
79,menlo
80,captchas
81,serve
82,backups
83,gets
84,defeated
85,automated
86,captcha
87,targets
88,box
89,robot
90,captcha
91,requires
92,select
93,picture
94,tiles
95,match
96,bicycles
97,followed
98,captcha
99,identify
100,pictures
101,match
102,crosswalk
103,captchas
104,testing
105,came
106,images
107,utilized
108,finally
109,passing
110,checks
111,target
112,final
113,impersonates
114,office
115,captcha
116,office
117,office
118,credit
119,menlo
120,mentioned
121,above
122,relied
123,previous
124,captcha
125,pretended
126,subpoenas
127,office
128,scam
129,peddling
130,google
131,mask
132,pidathala
133,insight
134,email
135,telemetry
136,currently
137,although
138,probability
139,success
140,decreased
141,vendors
142,hopefully
143,protections
144,switch
145,email
146,indeed
147,innovative
148,oauth2
149,token
150,authorization
151,email
152,pretending
153,upgrades
154,prevalent
155,affecting
156,enterprises
157,inherent
158,cognitive
159,biases
160,fool
161,entering
162,bias
163,combined
