,0
0,china
1,debuts
2,sepulcher
3,spear
4,sepulcher
5,distributed
6,targeting
7,european
8,officials
9,tibetan
10,dissidents
11,china
12,organization
13,spear
14,email
15,distribute
16,collecting
17,dubbed
18,sepulcher
19,distributed
20,separate
21,targeting
22,european
23,diplomatic
24,legislative
25,bodies
26,profit
27,policy
28,organization
29,organization
30,dealing
31,economic
32,affairs
33,targeting
34,tibetan
35,dissidents
36,tied
37,ta413
38,chinese
39,interests
40,targeting
41,tibetan
42,community
43,publicly
44,tibetan
45,dissident
46,targeting
47,sepulcher
48,payloads
49,attributed
50,ta413
51,analysis
52,usage
53,publicly
54,tibetan
55,sepulcher
56,demonstrates
57,short
58,term
59,realignment
60,ta413
61,targets
62,impersonated
63,organization
64,guidance
65,covid
66,preparedness
67,email
68,weaponized
69,rtf
70,impersonated
71,preparedness
72,readiness
73,actions
74,covid
75,interim
76,guidance
77,guidance
78,initially
79,weaponized
80,delivered
81,target
82,weaponized
83,rtf
84,named
85,covdi
86,rtf
87,exploits
88,microsoft
89,equation
90,editor
91,flaw
92,install
93,embedded
94,rtf
95,object
96,meta
97,wmf
98,appdata
99,local
100,temp
101,wd4sx
102,wmf
103,wmf
104,results
105,installation
106,sepulcher
107,sepulcher
108,starting
109,targeting
110,tibetan
111,dissidents
112,strain
113,sepulcher
114,email
115,purported
116,women
117,association
118,tibetan
119,powerpoint
120,titled
121,tibetans
122,deadly
123,virus
124,carries
125,gun
126,speaks
127,chinese
128,ppsx
129,email
130,targeting
131,dissidents
132,opened
133,referencing
134,tibet
135,activism
136,powerpoint
137,executed
138,calls
139,sepulcher
140,named
141,dll
142,title
143,decoy
144,impersonated
145,dalai
146,lama
147,india
148,affirms
149,focus
150,tibetan
151,leadership
152,exile
153,sepulcher
154,sepulcher
155,basic
156,abilities
157,carry
158,reconnaissance
159,functionality
160,obtaining
161,drives
162,statistics
163,paths
164,running
165,processes
166,sepulcher
167,additionally
168,capable
169,functionalities
170,deleting
171,directories
172,directories
173,moving
174,destination
175,spawning
176,shell
177,commands
178,terminating
179,restarting
180,changing
181,start
182,deleting
183,sepulcher
184,groundbreaking
185,combination
186,timely
187,social
188,engineering
189,pandemic
190,pointed
191,reminiscent
192,distribute
193,exilerat
194,ta413
195,documented
196,association
197,exilerat
198,capable
199,username
200,listing
201,drives
202,adapter
203,pushing
204,executing
205,terminating
206,processes
207,shifting
208,focus
209,covid
210,chinese
211,ta413
212,targeting
213,tibetan
214,dissidents
215,skyrocketing
216,chinese
217,apts
218,branching
219,adopting
220,covid
221,espionage
222,following
223,chinese
224,apts
225,targeting
226,western
227,economies
228,pandemic
229,return
230,normalcy
231,usage
232,publicly
233,tibetan
234,sepulcher
235,demonstrates
236,short
237,term
238,realignment
239,ta413
240,targets
241,tibetan
242,diaspora
243,chinese
244,prioritized
245,collection
246,western
247,economies
248,reeling
249,covid
250,resuming
251,conventional
252,targeting
253,later
