,0
0,office
1,targets
2,execs
3,becky
4,bracken
5,microsoft
6,office
7,move
8,ceos
9,transition
10,confusion
11,harvest
12,microsoft
13,scam
14,rise
15,targeting
16,executives
17,insurance
18,harvest
19,microsoft
20,business
21,email
22,area
23,sophisticated
24,suite
25,executives
26,assistants
27,departments
28,email
29,office
30,defenses
31,intercepted
32,attempted
33,departments
34,continued
35,targeting
36,departments
37,company
38,parties
39,invoices
40,billing
41,commonly
42,referred
43,business
44,email
45,enables
46,forged
47,invoices
48,email
49,suppliers
50,resulting
51,payments
52,owned
53,specifically
54,ceos
55,transition
56,periods
57,onboarding
58,payroll
59,internal
60,targeting
61,area
62,clients
63,numerous
64,maaz
65,qureshi
66,analyst
67,area
68,targeting
69,insurance
70,judging
71,size
72,certainly
73,organization
74,outside
75,scope
76,targeting
77,anatomy
78,targets
79,spoofing
80,office
81,microsoft
82,seem
83,properly
84,configured
85,spf
86,records
87,protections
88,microsoft
89,imposter
90,quick
91,registration
92,turnaround
93,employed
94,hoping
95,bait
96,newly
97,infrastructure
98,sample
99,email
100,credit
101,area
102,involves
103,message
104,spoof
105,email
106,senders
107,goal
108,email
109,dupe
110,apply
111,disguised
112,takes
113,spoofing
114,office
115,htm
116,automatically
117,load
118,opened
119,deployed
120,apply
121,meta
122,refresh
123,load
124,microsoft
125,privacy
126,duped
127,accept
128,looks
129,identical
130,thing
131,cases
132,stealthy
133,prefetching
134,localized
135,office
136,area
137,entered
138,email
139,valid
140,office
141,instances
142,entered
143,email
144,conditional
145,sso
146,federation
147,adfs
148,etc
149,essentially
150,break
151,experience
152,target
153,submits
154,email
155,employed
156,couple
157,front
158,microsoft
159,websockets
160,screen
161,shots
162,entering
163,email
164,microsoft
165,choice
166,microsoft
167,office
168,teams
169,email
170,microsoft
171,organization
172,migrating
173,office
174,targeting
175,organization
176,undetected
177,recommend
178,organization
179,enable
180,multi
181,along
182,office
183,migration
184,implementation
185,office
186,treasure
187,trove
188,exploitable
189,widely
190,workforce
191,relying
192,central
193,repository
194,saas
195,office
196,safe
197,haven
198,lateral
199,movement
200,paramount
201,focus
202,chris
203,morales
204,vectra
205,teams
206,solid
207,expectations
208,saas
209,office
210,behaviors
211,privilege
212,abuse
213,easier
214,quickly
215,identify
216,mitigate
217,receiving
218,email
219,claims
220,originate
221,internally
222,requires
223,downloading
224,practice
225,confirm
226,authenticity
227,email
228,qureshi
229,versed
230,basic
231,refraining
232,external
233,unknown
