,0
0,hides
1,tracks
2,fonts
3,saudi
4,arabia
5,hide
6,major
7,bank
8,insidious
9,evades
10,leverages
11,fonts
12,cover
13,tracks
14,scheme
15,email
16,resulting
17,looks
18,major
19,bank
20,reality
21,bent
22,banking
23,chris
24,dawson
25,lead
26,fonts
27,obfuscate
28,seem
29,harmless
30,encoded
31,obfuscation
32,mechanisms
33,documented
34,fonts
35,implement
36,encoding
37,analysis
38,fonts
39,expand
40,analyzing
41,surprised
42,unexpectedly
43,encoded
44,display
45,copied
46,pasted
47,font
48,format
49,woff
50,font
51,format
52,delivers
53,webpage
54,fonts
55,base64
56,encoded
57,woff
58,woff2
59,install
60,substitution
61,cipher
62,essentially
63,substitution
64,ciphers
65,replace
66,expected
67,alphabetical
68,letters
69,shown
70,abcdefghi
71,letters
72,renders
73,ciphered
74,plaintext
75,essentially
76,true
77,purpose
78,harder
79,detect
80,substitution
81,functions
82,css
83,differing
84,frequently
85,implemented
86,sleeve
87,images
88,bank
89,branding
90,scalable
91,graphics
92,format
93,logo
94,sidesteps
95,linking
96,logos
97,visual
98,detected
99,impersonated
100,dawson
101,appeared
102,wild
103,extremely
104,careful
105,directly
106,bank
107,following
108,hide
109,tracks
110,dawson
111,whether
112,variety
113,mechanisms
114,novel
115,matter
