,0
0,scam
1,aims
2,hijack
3,tiktok
4,influencer
5,email
6,target
7,high-ranking
8,tiktok
9,info
10,lock
11,scam
12,tried
13,takeover
14,high-ranking
15,tiktok
16,marks
17,major
18,influencers
19,tiktok
20,social
21,cloud
22,email
23,abnormal
24,detected
25,scam
26,attempted
27,email
28,tiktok
29,tracked
30,oct
31,nov
32,worldwide
33,target
34,volume
35,tiktok
36,kinds
37,disparate
38,locales
39,authored
40,abnormal
41,typical
42,talent
43,agencies
44,consultant
45,firms
46,expect
47,message
48,social
49,production
50,studios
51,influencer
52,management
53,firms
54,producers
55,rachelle
56,chouinard
57,analyst
58,abnormal
59,impersonation
60,game
61,email
62,tried
63,dupe
64,required
65,target
66,cases
67,pretended
68,contacting
69,tiktok
70,owned
71,chinese
72,company
73,bytedance
74,email
75,informed
76,her
77,violated
78,tiktok
79,copyright
80,reply
81,email
82,threatening
83,remove
84,hours
85,email
86,falsely
87,claiming
88,tiktok
89,officials
90,informed
91,holders
92,eligible
93,verified
94,badge
95,reply
96,email
97,properly
98,verified
99,digital
100,channels
101,individual
102,models
103,magicians
104,reached
105,creators
106,worldwide
107,chouinard
108,email
109,wrong
110,company
111,country
112,email
113,lifted
114,directly
115,social
116,connecting
117,turned
118,influencers
119,responding
120,email
121,garnered
122,email
123,shortened
124,titled
125,confirm
126,my
127,directed
128,whatsapp
129,chat
130,conversation
131,whatsapp
132,conversation
133,phone
134,email
135,targeting
136,tiktok
137,chouinard
138,tiktok
139,officials
140,confirm
141,ownership
142,providing
143,digit
144,demonstrating
145,multi
146,communications
147,ceased
148,checked
149,tiktok
150,show
151,audience
152,engagement
153,below
154,par
155,chouinard
156,abnormal
157,tried
158,influencer
159,permit
160,her
161,experiment
162,succeed
163,motive
164,unclear
165,resulted
166,targeting
167,having
168,deleted
169,beyond
170,didn
171,clear
172,motive
173,benefit
174,chouinard
175,uncommon
176,target
177,high-ranking
178,social
179,commonly
180,influencers
181,instagram
182,facebook
183,extort
184,money
185,owners
186,targeting
187,social
188,offers
189,options
190,chouinard
191,social
192,increasingly
193,valuable
194,incentive
195,ransom
196,owners
197,hefty
198,fee
199,instagram
200,indeed
201,target
202,turkish
203,speaking
204,targeting
205,celebrities
206,startup
207,business
208,owners
209,sizeable
210,followings
211,instagram
212,email
213,spurred
214,underground
215,economy
216,offering
217,ban
218,manipulating
219,abuse
220,reporting
221,mechanisms
222,harass
223,censor
224,primarily
225,instagram
226,chouinard
