,0
0,chipotle
1,email
2,serve
3,becky
4,bracken
5,mass
6,email
7,distribution
8,mirrors
9,nobelium
10,signed
11,email
12,fast
13,food
14,chipotle
15,mexican
16,grill
17,faced
18,bigger
19,challenges
20,queso
21,versus
22,sour
23,cream
24,restaurant
25,email
26,marketing
27,lead
28,served
29,inky
30,chipotle
31,email
32,vendor
33,mailgun
34,breached
35,allowing
36,commandeer
37,company
38,email
39,marketing
40,efforts
41,mailgun
42,responded
43,inky
44,posted
45,friday
46,email
47,chipotle
48,mailgun
49,vishing
50,voicemail
51,message
52,impersonated
53,usaa
54,bank
55,harvest
56,remaining
57,email
58,attempted
59,redirect
60,spoofing
61,microsoft
62,attempted
63,ttps
64,eerily
65,nobelium
66,chipotle
67,breached
68,mailgun
69,nobelium
70,email
71,marketing
72,breached
73,constant
74,took
75,usaid
76,international
77,agency
78,inky
79,evidence
80,suggest
81,involved
82,copying
83,nobelium
84,inky
85,continues
86,investigate
87,nobelium
88,credited
89,solarwinds
90,government
91,late
92,nobelium
93,microsoft
94,center
95,brute
96,force
97,spray
98,microsoft
99,networks
100,efforts
101,foothold
102,tech
103,government
104,agencies
105,swiping
106,microsoft
107,early
108,microsoft
109,continues
110,prime
111,target
112,valuable
113,inky
114,almost
115,everyone
116,microsoft
117,logins
118,lead
119,kinds
120,interesting
121,logins
122,trade
123,secrets
124,inky
125,thus
126,surprising
127,inky
128,email
129,stretch
130,mail
131,company
132,microsoft
