,0
0,omicron
1,scam
2,uk
3,becky
4,bracken
5,omicron
6,covid
7,anxiety
8,inspires
9,scam
10,offering
11,nhs
12,tests
13,pandemic
14,provided
15,cover
16,sorts
17,scam
18,couple
19,rise
20,alarm
21,spread
22,covid
23,omicron
24,exception
25,public
26,professionals
27,globe
28,grapple
29,fear
30,dangerous
31,covid
32,delta
33,grabbed
34,opportunity
35,turn
36,uncertainty
37,cash
38,consumer
39,watchdog
40,raised
41,alarm
42,scam
43,doctored
44,official
45,communications
46,national
47,nhs
48,targeting
49,offers
50,pcr
51,tests
52,covid
53,omicron
54,infosec
55,insiders
56,newsletter
57,centers
58,disease
59,cdc
60,organization
61,omicron
62,concern
63,covid
64,virus
65,spreading
66,rapidly
67,public
68,officials
69,aren
70,sure
71,yet
72,vaccines
73,mitigation
74,strategies
75,mutation
76,cbs
77,news
78,pandemic
79,distress
80,presented
81,opportunity
82,omicron
83,anxiety
84,fuels
85,scam
86,email
87,offered
88,phone
89,contacting
90,offering
91,specifically
92,detect
93,omicron
94,nhs
95,scientists
96,covid
97,sic
98,omicron
99,spreads
100,rapidly
101,transmitted
102,fully
103,vaccinated
104,jabs
105,less
106,email
107,covid
108,sic
109,omicron
110,quickly
111,apparent
112,dormant
113,tests
114,besides
115,false
116,email
117,littered
118,grammatical
119,errors
120,bottom
121,correspondence
122,takes
123,nhs
124,birth
125,phone
126,email
127,addition
128,personally
129,identifiable
130,pii
131,fee
132,mother
133,maiden
134,target
135,banking
136,pandemic
137,rely
138,anxiety
139,cause
140,overlook
141,obvious
142,signs
143,scam
144,exploit
145,emotions
146,react
147,quickly
148,thinking
149,erich
150,kron
151,advocate
152,knowbe4
153,covid
154,significant
155,emotional
156,weight
157,tired
158,lockdowns
159,continuing
160,impact
161,pandemic
162,powerful
163,watchdog
164,submitted
165,findings
166,national
167,centre
168,ncsc
169,omicron
170,bait
171,surface
172,weeks
173,consumers
174,alert
175,covid
176,frenzy
177,covid
178,vaccines
179,began
180,rolling
181,analysis
182,barracuda
183,networks
184,average
185,vaccine
186,spear
187,grew
188,attorney
189,office
190,department
191,homeland
192,shut
193,scam
194,targeting
195,immigrant
196,communities
197,vaccine
198,scam
199,besides
200,vaccine
201,pandemic
202,inspired
203,spear
204,offering
205,covid
206,relief
207,checks
208,job
209,opportunities
210,left
211,unemployed
212,widespread
213,shutdowns
214,held
215,onto
216,jobs
217,targeting
218,returned
219,scam
220,email
221,purporting
222,offer
223,office
224,covid
225,protocols
226,stole
227,cautious
228,almost
229,unsolicited
230,communication
231,relating
232,covid
233,anyone
234,received
235,scam
236,omicron
237,pcr
238,email
239,advised
240,forward
241,ncsc
