,0
0,rsac
1,joomla
2,flaw
3,exploited
4,mass
5,infrastructure
6,joomla
7,jmail
8,skip
9,jmail
10,breaker
11,flow
12,jmail
13,breaker
14,leverages
15,old
16,joomla
17,along
18,newly
19,flaw
20,mail
21,module
22,editor
23,note
24,attention
25,findings
26,questioned
27,joomla
28,ecosystem
29,story
30,accurately
31,reflects
32,clear
33,news
34,jmail
35,old
36,mass
37,infrastructure
38,old
39,pattern
40,carrying
41,reached
42,prolific
43,targets
44,etc
45,accordingly
46,joomla
47,meanwhile
48,issued
49,inaccuracies
50,technical
51,side
52,san
53,francisco
54,fresh
55,flaw
56,joomla
57,cms
58,carry
59,spam
60,cybercriminal
61,alarg53
62,jmail
63,spam
64,implemented
65,fully
66,fledged
67,backdoor
68,infrastructure
69,carry
70,activities
71,indeed
72,implementing
73,manipulations
74,agent
75,header
76,requests
77,manipulate
78,override
79,existing
80,jmail
81,findings
82,rsa
83,conference
84,joomla
85,initially
86,gave
87,short
88,joomla
89,project
90,takes
91,seriously
92,closely
93,cooperates
94,reports
95,fix
96,issues
97,fast
98,reach
99,upfront
100,practice
101,industry
102,fix
103,issue
104,yet
105,issued
106,longer
107,discounting
108,jmail
109,override
110,jmail
111,breaker
112,flow
113,exploited
114,object
115,injection
116,rce
117,flaw
118,joomla
119,inject
120,agent
121,header
122,field
123,requests
124,injects
125,base64
126,string
127,agent
128,field
129,stores
130,path
131,decoded
132,transformed
133,runs
134,machine
135,tries
136,pastebin
137,stores
138,designated
139,path
140,path
141,happens
142,libraries
143,joomla
144,jmail
145,adding
146,stored
147,major
148,sections
149,serve
150,functionalities
151,mail
152,uploading
153,stored
154,overrides
155,joomla
156,jmail
157,note
158,joomla
159,discounts
160,noting
161,override
162,core
163,jmail
164,class
165,continued
166,infrastructure
167,upload
168,mail
169,purposes
170,infrastructure
171,mail
172,spamming
173,dubbed
174,jmail
175,breaker
176,expect
177,adversaries
178,old
179,joomla
180,object
181,injection
182,managed
183,interesting
184,eventually
185,monetization
186,spamming
187,infrastructure
188,predict
189,soon
190,evidence
191,spamming
192,methodologies
193,near
194,future
195,alarg53
196,defacing
197,replacing
198,home
199,hacked
200,alarg53
201,message
202,primarily
203,hacktivist
204,hacking
205,basis
206,ideology
207,gained
208,notoriety
209,hacking
210,stanford
211,thought
212,defacement
213,hours
214,uploaded
215,relevant
216,enabling
217,amounts
218,spam
219,mail
220,monetize
221,activities
222,cryptomining
223,infrastructure
224,affecting
225,france
226,india
227,japan
228,mexico
229,portugal
230,affected
231,finance
232,banking
233,government
234,jmail
235,breaker
236,approach
237,game
238,changed
239,enable
240,mass
241,monetization
242,whereas
243,alarg53
244,hacker
245,managed
246,hack
247,big
248,evolved
249,significant
250,high-ranking
251,backdoor
252,infrastructure
253,received
254,comments
255,posting
256,joomla
257,comments
258,section
259,below
260,jmail
261,issue
262,disputing
263,veracity
264,findings
265,reaching
266,speaking
267,updated
268,clear
269,exploited
270,bug
271,unknown
272,issue
273,jmail
274,rsa
275,conference
276,coverage
277,please
278,visit
279,special
280,coverage
281,section
282,updated
283,et
284,joomla
285,reflect
286,input
287,additionally
288,updated
289,et
290,reflect
291,input
292,joomla
293,updated
294,remove
295,jmail
296,headline
