,0
0,rash
1,con
2,tom
3,spring
4,deploying
5,freely
6,tls
7,certificates
8,dupe
9,thinking
10,visiting
11,safe
12,increasingly
13,abusing
14,consumer
15,encrypt
16,particularly
17,spike
18,hope
19,win
20,confidence
21,protocol
22,spoofing
23,quite
24,community
25,educating
26,importance
27,secured
28,communication
29,taught
30,connections
31,secured
32,anna
33,shirokova
34,ivan
35,nikolaev
36,cisco
37,talos
38,problem
39,raised
40,strange
41,side
42,effect
43,consumers
44,anything
45,secured
46,adding
47,increasingly
48,abused
49,analysis
50,offering
51,technical
52,advertisers
53,promoting
54,questionable
55,quality
56,apple
57,facebook
58,microsoft
59,paypal
60,phony
61,apple
62,facebook
63,secured
64,certificates
65,visit
66,little
67,green
68,lock
69,rarely
70,anyone
71,certificate
72,shirokova
73,nikolaev
74,email
75,spoofing
76,viewed
77,mobile
78,inside
79,narrow
80,window
81,thing
82,target
83,sees
84,spoofing
85,microsoft
86,pl
87,lot1
88,oficjalne
89,prezenty
90,gadzet
91,certificate
92,authorities
93,let
94,encrypt
95,provides
96,certificates
97,questions
98,acknowledge
99,problem
100,solutions
101,clear
102,cut
103,josh
104,aas
105,executive
106,let
107,encrypt
108,interview
109,points
110,let
111,encrypt
112,primary
113,mission
114,prevent
115,surveillance
116,censorship
117,aas
118,certificate
119,authorities
120,subjectively
121,prohibit
122,certificates
123,essentially
124,censoring
125,becomes
126,mandatory
127,abusing
128,ssl
129,tls
130,certificates
131,nothing
132,ssl
133,store
134,ssl
135,certificates
136,issued
137,paypal
138,certificate
139,identity
140,claimed
141,issued
142,crux
143,problem
144,green
145,lock
146,connection
147,safe
148,aas
149,browsers
150,promising
151,course
152,aas
153,rely
154,frameworks
155,google
156,safe
157,browsing
158,microsoft
159,smartscreen
160,becasue
161,ability
162,block
163,unsafe
