,0
0,north
1,korean
2,spear
3,targets
4,firms
5,autumn
6,aperture
7,kimsuky
8,spear
9,skip
10,tricks
11,kimsuky
12,warn
13,firms
14,targeting
15,trojanized
16,socially
17,engineered
18,tee
19,sophisticated
20,aiming
21,targets
22,nuclear
23,deterrence
24,north
25,korea
26,nuclear
27,submarine
28,program
29,north
30,korean
31,economic
32,sanctions
33,prevailion
34,autumn
35,aperture
36,moderate
37,confidence
38,north
39,korea
40,kimsuky
41,sends
42,trojanized
43,spear
44,email
45,sophisticated
46,targets
47,expecting
48,booby
49,trapped
50,addition
51,anti
52,evasion
53,utilizing
54,obscure
55,formats
56,kodak
57,flashpix
58,format
59,harder
60,detect
61,antivirus
62,specify
63,company
64,targeting
65,utilized
66,unfortunately
67,prevailion
68,unable
69,determine
70,trojanized
71,trying
72,pull
73,executable
74,sample
75,analyze
76,slew
77,trojanized
78,spread
79,throughout
80,summer
81,wave
82,aug
83,email
84,socially
85,engineered
86,mimic
87,email
88,anticipated
89,conference
90,speaker
91,notes
92,presentation
93,nuclear
94,deterrence
95,summit
96,autumn
97,aperture
98,autumn
99,aperture
100,affiliate
101,discussing
102,north
103,korea
104,ballistic
105,missile
106,submarine
107,ssb
108,capabilities
109,yet
110,impersonated
111,department
112,treasury
113,renewal
114,notice
115,sanctions
116,license
117,modified
118,aug
119,titled
120,nk
121,ssb
122,shown
123,kim
124,featured
125,construction
126,ssb
127,facility
128,metadata
129,affiliate
130,modified
131,viewed
132,application
133,display
134,prompt
135,enable
136,macros
137,macros
138,enabled
139,display
140,secretly
141,installing
142,onto
143,procedures
144,evolving
145,refined
146,danny
147,adamitis
148,wharton
149,prevailion
150,require
151,interaction
152,pressing
153,macro
154,rest
155,background
156,hidden
157,tricks
158,bolstered
159,tricks
160,difficult
161,spot
162,newly
163,enumerate
164,machine
165,experiment
166,protecting
167,certain
168,autumn
169,aperture
170,management
171,instrumentation
172,wmi
173,infrastructure
174,management
175,operating
176,determine
177,safe
178,obtain
179,machine
180,obtaining
181,running
182,processes
183,wmi
184,comparing
185,output
186,antivirus
187,dropper
188,presence
189,antivirus
190,malwarebytes
191,microsoft
192,defender
193,mcafee
194,starting
195,scripts
196,detect
197,sophos
198,micro
199,finally
200,embedded
201,kodak
202,flashpix
203,format
204,fpx
205,fpx
206,complex
207,image
208,format
209,intended
210,photographs
211,virustotal
212,testing
213,fpx
214,format
215,significantly
216,lower
217,rate
218,dropping
219,rate
220,av
221,whereas
222,standard
223,format
224,photos
225,vba
226,rate
227,followed
228,wider
229,observing
230,groups
231,socially
232,engineer
233,image
234,relying
235,exploit
236,robust
237,droppers
238,better
239,sets
240,chances
241,operating
242,discovery
243,changes
244,reflect
245,motivated
246,performing
247,kimsuky
248,kimsuky
249,radar
250,targeting
251,south
252,korean
253,political
254,organization
255,tanks
256,renewed
257,arsenal
258,completely
259,framework
260,espionage
261,spear
262,kimsuky
263,extended
264,activities
265,company
266,cryptocurrency
267,exchanges
268,sector
269,mainly
270,south
271,korea
272,prevailion
273,future
274,organization
275,assess
276,existing
277,profiles
278,review
279,emergency
280,plans
281,ensure
282,educated
283,given
284,broad
285,scope
286,entities
287,targeting
288,autumn
289,aperture
290,increased
291,likelihood
292,organization
293,ecosystem
294,exposure
