,0
0,cup
1,vacation
2,scam
3,lead
4,trips
5,summer
6,targeting
7,booking
8,whatsapp
9,message
10,texts
11,holidays
12,summer
13,traditional
14,seasons
15,scamming
16,summer
17,shaping
18,hot
19,front
20,swirling
21,supposed
22,incidents
23,vacation
24,bookings
25,course
26,cup
27,targeting
28,booking
29,whatsapp
30,message
31,texts
32,change
33,wake
34,supposed
35,course
36,booking
37,sun
38,newspaper
39,uk
40,correspondence
41,fully
42,outfitted
43,booking
44,hotels
45,phone
46,dates
47,prices
48,bookings
49,reference
50,malefactors
51,followed
52,message
53,demanding
54,holidays
55,bank
56,sinan
57,eren
58,ceo
59,fyde
60,fresh
61,trends
62,trips
63,season
64,move
65,away
66,email
67,communication
68,mediums
69,interesting
70,booking
71,shifted
72,instant
73,messaging
74,lack
75,robust
76,spam
77,eren
78,mobile
79,carriers
80,gateways
81,legacy
82,modern
83,remediation
84,capabilities
85,cheap
86,twilio
87,nexmo
88,credit
89,card
90,message
91,millions
92,smartphones
93,short
94,amount
95,messaging
96,api
97,providers
98,react
99,retroactively
100,shut
101,nature
102,volume
103,instant
104,messaging
105,protocols
106,whatsapp
107,peer
108,peer
109,design
110,offer
111,rudimentary
112,detecting
113,scam
114,rounds
115,alaska
116,airlines
117,scam
118,facebook
119,purports
120,alaska
121,airlines
122,offering
123,tickets
124,exchange
125,completing
126,short
127,question
128,survey
129,done
130,facebook
131,finalize
132,deal
133,selected
134,short
135,survey
136,alaska
137,airlines
138,tickets
139,tickets
140,remaining
141,hurry
142,scam
143,proclaims
144,obviously
145,works
146,considering
147,rounds
148,alaskaair
149,promoted
150,alaskaair
151,affiliation
152,alaska
153,official
154,promotion
155,airline
156,cautioned
157,facebook
158,angle
159,indicative
160,widespread
161,trends
162,guys
163,effect
164,better
165,roi
166,seeing
167,increasing
168,amount
169,social
170,engineering
171,schemes
172,propagate
173,scam
174,eren
175,eligible
176,prize
177,required
178,message
179,etc
180,obvious
181,effect
182,propagating
183,scam
184,easier
185,plus
186,less
187,positive
188,trolling
189,fraudsters
190,add
191,social
192,followers
193,comments
194,posts
195,conversion
196,below
197,comments
198,promoting
199,disneyland
200,paris
201,scam
202,fifa
203,cup
204,kick
205,russia
206,soccer
207,tournament
208,perennial
209,favorite
210,scammery
211,hat
212,nefariousness
213,involves
214,dubious
215,message
216,promoting
217,tickets
218,tournament
219,wouldn
220,expenses
221,paid
222,trip
223,match
224,email
225,news
226,highlight
227,reels
228,cup
229,teams
230,players
231,argentinian
232,national
233,star
234,barcelona
235,hero
236,lionel
237,messi
238,along
239,scam
240,claiming
241,offer
242,live
243,streams
244,return
245,filling
246,survey
247,installing
248,cup
249,sporting
250,brings
251,fantastic
252,opportunity
253,intent
254,securing
255,quick
256,payday
257,steve
258,durbin
259,managing
260,forum
261,email
262,email
263,infection
264,betting
265,traditional
266,expected
267,sun
268,summer
269,fun
270,watching
271,games
272,rooting
273,country
274,let
275,sure
276,winning
277,side
278,becoming
279,statistic
280,losing
281,side
282,prizes
283,cup
284,tickets
285,travel
286,digital
287,ad
288,driven
289,eren
290,adding
291,ad
292,networks
293,sufficiently
294,police
295,programmatic
296,buys
297,digital
298,ads
299,lab
300,statistics
301,show
302,spikes
303,match
304,ticket
305,sales
306,tickets
307,went
308,sale
309,fraudsters
310,mailed
311,spam
312,activated
313,clones
314,official
315,fifa
316,offering
317,giveaways
318,allegedly
319,partner
320,company
321,draws
322,nearer
323,scam
324,reaching
325,fever
326,pitch
327,yourself
328,lewis
329,edgewave
330,provided
331,following
332,consumer
333,tips
334,respond
335,email
336,booking
337,dealt
338,heard
339,email
340,search
341,window
342,legitimacy
343,online
344,reviews
345,places
346,offer
347,good
348,true
349,probably
350,offer
351,needed
352,receiving
353,email
354,booking
355,worked
356,email
357,complete
358,odd
359,timing
360,validate
361,email
362,credit
363,card
364,give
365,built
366,credit
367,card
368,unlikely
369,email
370,separately
371,completing
372,online
373,forms
374,applies
375,scam
376,notified
377,reservation
378,changed
379,cancelled
380,email
381,directly
382,reservations
383,intact
384,unsure
385,email
386,directly
387,booking
388,vetted
389,online
390,submitting
391,sure
392,session
393,secured
394,ensure
395,green
396,padlock
397,visible
398,left
399,hand
400,corner
401,navigation
402,bar
403,prompted
404,travel
405,email
406,banking
407,keep
408,separate
409,change
410,sooner
411,finally
412,email
413,cert
414,educated
415,aware
416,scam
417,quicker
418,protected
419,thus
420,minimizing
421,damage
422,hacker
