,0
0,nft
1,investors
2,lose
3,opensea
4,nate
5,nelson
6,write
7,took
8,smart
9,contract
10,migration
11,swindle
12,weekend
13,stole
14,millions
15,dollars
16,worth
17,fungible
18,tokens
19,nfts
20,belonging
21,members
22,opensea
23,nft
24,marketplace
25,saturday
26,opensea
27,noticed
28,nfts
29,missing
30,nfts
31,digital
32,tokens
33,blockchain
34,represent
35,ownership
36,virtual
37,assets
38,digital
39,drawings
40,music
41,panic
42,erupted
43,molly
44,white
45,runs
46,blog
47,web3
48,feared
49,happen
50,webinar
51,promo
52,register
53,speculation
54,abounded
55,glitch
56,arisen
57,opensea
58,smart
59,contract
60,runs
61,perhaps
62,widely
63,disseminated
64,token
65,airdrop
66,carried
67,knockoff
68,nft
69,marketplace
70,x2y2
71,cause
72,interesting
73,hour
74,nfts
75,went
76,missing
77,opensea
78,tweeted
79,phenomenon
80,appeared
81,originating
82,outside
83,opensea
84,turned
85,clever
86,social
87,engineering
88,unwitting
89,investors
90,bait
91,switch
92,contract
93,friday
94,opensea
95,launched
96,smart
97,contract
98,quickly
99,copied
100,opensea
101,email
102,blast
103,notifying
104,opened
105,copycat
106,email
107,directed
108,copycat
109,webpage
110,prompted
111,seemingly
112,transaction
113,purportedly
114,migrate
115,nfts
116,old
117,contract
118,triggered
119,function
120,atomicmatch_
121,described
122,sunday
123,capable
124,nfts
125,transaction
126,engineer
127,head
128,bangers
129,unfortunately
130,social
131,engineering
132,remain
133,hardest
134,issues
135,solve
136,engineer
137,matt
138,bailey
139,vp
140,engineering
141,club
142,nft
143,email
144,web3
145,hazy
146,term
147,blockchain
148,decentralized
149,meant
150,replace
151,wrinkles
152,bailey
153,general
154,usability
155,continues
156,challenge
157,contribute
158,confusion
159,understanding
160,signing
161,digitally
162,obvious
163,blockchain
164,transactions
165,irreversible
166,wrong
167,arguably
168,greater
169,traditional
170,ceo
171,devin
172,finzer
173,opensea
174,fallen
175,ruse
176,figure
177,turned
178,overshot
179,findings
180,monday
181,clarified
182,count
183,anyone
184,interacted
185,nfts
186,monetary
187,impact
188,extraordinary
189,opensea
190,recognizable
191,nft
192,cryptocurrency
193,blockchain
194,metaverse
195,space
196,company
197,valued
198,billion
199,daily
200,trading
201,opensea
202,tended
203,fluctuate
204,per
205,billion
206,worth
207,nft
208,transactions
209,occurring
210,days
211,dappradar
212,blockchain
213,chainalysis
214,total
215,market
216,nfts
217,reached
218,billion
219,growing
220,value
221,nfts
222,helps
223,explain
224,why
225,flip
226,assets
227,worth
228,ethereum
229,eth
230,high-ranking
231,incident
232,presents
233,opportunity
234,improve
235,marketplace
236,jake
237,fraser
238,head
239,business
240,nft
241,marketplace
242,mogul
243,productions
244,blockchain
245,company
246,encouraged
247,invest
248,smart
249,contract
250,auditing
251,bug
252,bounty
253,programs
254,greater
255,emphasis
256,educating
257,investors
258,risks
259,monday
260,telegram
261,educated
262,prevents
263,likelihood
264,space
265,hot
266,online
267,wallets
268,store
269,nfts
270,why
271,crucial
272,identify
273,flags
274,etherscan
275,indicates
276,given
277,trafficking
278,nfts
279,initiated
280,transaction
281,hours
282,preceding
283,written
284,monday
285,afternoon
286,et
