,0
0,magecart
1,switches
2,mitm
3,skimming
4,hybrid
5,stores
6,external
7,processors
8,vulnerable
9,fresh
10,splinter
11,magecart
12,umbrella
13,ramping
14,starting
15,codebase
16,carry
17,magecart
18,umbrella
19,term
20,encompassing
21,groups
22,modus
23,operandi
24,mainly
25,built
26,magento
27,commerce
28,inject
29,card
30,skimming
31,scripts
32,checkout
33,unsuspecting
34,card
35,entered
36,fields
37,analysis
38,riskiq
39,dubbed
40,house
41,innovated
42,magecart
43,blueprint
44,gets
45,approaches
46,skimming
47,former
48,generic
49,gather
50,sell
51,fullz
52,underground
53,slang
54,term
55,meaning
56,individual
57,personally
58,identifying
59,plus
60,dedicated
61,store
62,purpose
63,bluemagicstore
64,skimming
65,arena
66,commerce
67,checkouts
68,selling
69,credit
70,card
71,carding
72,store
73,named
74,cardhouse
75,times
76,criminal
77,groups
78,operating
79,ecosystem
80,dip
81,toe
82,experiment
83,monetizing
84,riskiq
85,writing
86,magecart
87,seemed
88,operate
89,banking
90,ecosystem
91,began
92,performing
93,card
94,skimming
95,analysis
96,riskiq
97,overlap
98,infrastructure
99,carry
100,dark
101,stores
102,infrastructure
103,overlap
104,operational
105,apparatus
106,bluemagicstore
107,inventory
108,targeting
109,institutions
110,framework
111,templates
112,mimicking
113,implement
114,backend
115,dealing
116,favorite
117,target
118,remains
119,paypal
120,card
121,skimming
122,front
123,skimmer
124,riskiq
125,unusual
126,move
127,majority
128,rely
129,skimming
130,buying
131,pre
132,skimmers
133,handful
134,operators
135,maintain
136,skimmer
137,masquerades
138,google
139,analytics
140,hooks
141,input
142,field
143,waits
144,input
145,change
146,implementation
147,primitive
148,works
149,keylogger
150,validation
151,skimmer
152,skimming
153,figuring
154,introduce
155,clever
156,performs
157,man
158,middle
159,mitm
160,commerce
161,transactions
162,carry
163,mitm
164,sets
165,template
166,mimicking
167,processor
168,buy
169,store
170,store
171,redirects
172,visitor
173,shopper
174,enters
175,collected
176,chronicling
177,magecart
178,skimming
179,groups
180,chronicling
181,changes
182,fullz
183,crossed
184,ecosystem
185,bring
186,entirely
187,skill
188,online
189,skimming
190,game
191,external
192,masquerading
193,institutions
194,redirecting
195,fill
196,adds
197,element
198,skimming
199,landscape
200,skimming
201,hybrid
202,stores
203,external
204,processors
205,vulnerable
