,0
0,android
1,application
2,verification
3,issues
4,pave
5,skip
6,manager
7,instant
8,application
9,suggested
10,design
11,api
12,discovering
13,design
14,flaws
15,android
16,application
17,verified
18,managers
19,design
20,issue
21,manager
22,android
23,application
24,harnessed
25,genoa
26,eurecom
27,inspected
28,mobile
29,sync
30,android
31,application
32,concluded
33,application
34,easily
35,slip
36,spoofing
37,application
38,scoop
39,design
40,issues
41,variety
42,vulnerable
43,heuristics
44,leading
45,managers
46,suggest
47,insights
48,offered
49,paper
50,understood
51,community
52,possibility
53,abusing
54,instant
55,application
56,hidden
57,fields
58,problematic
59,practical
60,investigated
61,leading
62,mobile
63,manager
64,application
65,keeper
66,dashlane
67,lastpass
68,mobile
69,application
70,managers
71,advanced
72,sync
73,features
74,suggest
75,application
76,features
77,utilize
78,application
79,main
80,abstraction
81,identify
82,application
83,issue
84,lies
85,application
86,misplace
87,application
88,metadata
89,application
90,application
91,result
92,application
93,systematically
94,managers
95,leak
96,arbitrary
97,chosen
98,spoof
99,application
100,application
101,mimic
102,application
103,syncing
104,mobile
105,manager
106,manager
107,main
108,identify
109,application
110,verification
111,paving
112,easily
113,obtain
114,effectively
115,mobile
116,practical
117,differently
118,previous
119,works
120,her
121,managers
122,autofill
123,her
124,behalf
125,manager
126,logmein
127,owner
128,lastpass
129,mitigations
130,issue
131,application
132,requires
133,explicit
134,approval
135,filling
136,unknown
137,application
138,android
139,application
140,ecosystem
141,brought
142,attention
143,genoa
144,italy
145,eurecom
146,bug
147,bounty
148,program
149,spokesperson
150,continued
151,efforts
152,android
153,communities
154,required
155,implemented
156,changes
157,lastpass
158,android
159,application
160,mitigate
161,minimize
162,detailed
163,increased
164,integrity
165,application
166,associations
167,database
168,minimize
169,application
170,filled
171,accepted
172,keeper
173,responded
174,blog
175,saying
176,popup
177,message
178,application
179,warn
180,keeper
181,cannot
182,validate
183,authenticity
184,application
185,keeper
186,auto
187,fills
188,application
189,consent
190,company
191,keeper
192,logmein
193,indication
194,launched
195,spokesperson
196,company
197,mitigating
198,issue
199,implementing
200,digital
201,asset
202,privacy
203,preserving
204,android
205,digital
206,asset
207,enable
208,application
209,public
210,verifiable
211,statements
212,application
213,transparent
214,application
215,steps
216,answer
217,moving
218,forward
219,simone
220,aonzo
221,co
222,authors
223,recommended
224,digital
225,asset
226,dal
227,done
228,doing
229,robust
230,someone
231,tricking
232,tricking
233,depend
234,unreliable
235,application
236,spokesperson
237,dashlane
238,respond
239,requests
240,design
241,faux
242,pas
243,instant
244,application
245,try
246,android
247,application
248,fully
249,installing
250,application
251,developers
252,upload
253,portions
254,android
255,application
256,associate
257,pattern
258,abuse
259,instant
260,application
261,remotely
262,difficult
263,utilizing
264,distinguish
265,application
266,ones
267,trying
268,application
269,therefore
270,screen
271,facebook
272,application
273,deceiving
274,believing
275,application
276,social
277,inputing
278,application
279,indeed
280,useful
281,android
282,practical
283,observation
284,instant
285,application
286,ability
287,ui
288,installing
289,application
290,design
291,api
292,stressed
293,design
294,issue
295,application
296,syncing
297,mechanisms
298,application
299,main
300,verification
301,puts
302,daunting
303,task
304,developers
305,map
306,application
307,given
308,issues
309,misplaced
310,assumptions
311,leading
312,managers
313,developers
314,implement
315,step
316,suggested
317,design
318,api
319,essentially
320,directly
321,given
322,application
323,legitimately
324,managers
325,propose
326,api
327,implements
328,design
329,mechanism
330,abstraction
331,managers
332,interact
333,argue
334,better
335,abstraction
336,google
337,didn
338,respond
