,0
0,black
1,hat
2,video
3,exclusive
4,mobile
5,apts
6,redefining
7,tom
8,spring
9,mike
10,murray
11,vice
12,president
13,discusses
14,mobile
15,redefining
16,traditional
17,inbox
18,facebook
19,message
20,las
21,vegas
22,mike
23,murray
24,vice
25,president
26,talks
27,tom
28,spring
29,discuss
30,trends
31,mobile
32,advanced
33,persistence
34,apts
35,mobile
36,redefining
37,traditional
38,inbox
39,smartphones
40,dangerous
41,inside
42,message
43,facebook
44,traffic
45,invite
46,trojan
47,application
48,murray
49,specifically
50,focuses
51,dark
52,caracal
53,stealth
54,mango
55,cellphone
56,powerful
57,espionage
58,nobody
59,ever
60,turns
61,lay
62,bedside
63,table
64,night
65,walk
66,meeting
67,microphone
68,record
69,gps
70,chip
71,stuff
72,ultimate
73,spy
74,murray
