,0
0,instagram
1,center
2,scam
3,pilfers
4,warn
5,scam
6,targeting
7,instagram
8,direct
9,message
10,application
11,turkish
12,speaking
13,instagram
14,seemingly
15,message
16,social
17,company
18,aim
19,instagram
20,email
21,targeting
22,celebrities
23,startup
24,business
25,owners
26,entities
27,sizeable
28,followings
29,instagram
30,came
31,radar
32,police
33,officer
34,followers
35,instagram
36,targeting
37,previous
38,message
39,instagram
40,email
41,message
42,instagram
43,itself
44,pretend
45,instagram
46,center
47,claim
48,copyright
49,violation
50,complaint
51,filed
52,owner
53,deleted
54,message
55,provides
56,masquerades
57,appeal
58,micro
59,friday
60,analysis
61,leads
62,requested
63,username
64,writing
65,validation
66,meaning
67,input
68,existent
69,input
70,accepted
71,expand
72,selects
73,screen
74,email
75,email
76,inputs
77,redirects
78,instagram
79,logged
80,social
81,tapping
82,redirects
83,homepage
84,gives
85,illusion
86,filled
87,officially
88,connected
89,instagram
90,hold
91,instagram
92,unlink
93,cellphone
94,connected
95,change
96,email
97,email
98,email
99,targeting
100,instagram
101,scam
102,email
103,requesting
104,confirm
105,receive
106,verified
107,badge
108,selecting
109,leads
110,harvests
111,email
112,birth
113,modify
114,recovering
115,jindrich
116,karasek
117,micro
118,impact
119,depends
120,karasek
121,famous
122,blackmailed
123,google
124,karasek
125,social
126,networks
127,whole
128,online
129,identity
130,exploited
131,abused
132,expand
133,advised
134,instagram
135,cautious
136,seemingly
137,examine
138,message
139,ungrammatical
140,constructions
141,spelling
142,mistakes
143,sources
144,hover
145,reveals
146,expected
147,reached
148,instagram
149,commentary
