,0
0,targets
1,saudi
2,gov
3,agencies
4,saudi
5,arabia
6,skip
7,tricks
8,codenamed
9,tidings
10,sought
11,clever
12,pretending
13,saudi
14,arabian
15,ministry
16,interior
17,old
18,targeting
19,saudi
20,arabian
21,government
22,agencies
23,financially
24,motivated
25,culprit
26,named
27,tidings
28,siphoned
29,pretending
30,kingdom
31,ministry
32,interior
33,absher
34,email
35,targeting
36,government
37,entities
38,ministry
39,interior
40,saudi
41,government
42,ministry
43,foreign
44,affairs
45,ministry
46,labor
47,social
48,saudi
49,british
50,bank
51,anomali
52,suddenly
53,spiked
54,anomali
55,saudi
56,telecom
57,company
58,tidings
59,heavy
60,focus
61,kingdom
62,saudi
63,arabia
64,ksa
65,government
66,agencies
67,electronic
68,reflective
69,gathering
70,employed
71,financially
72,motivated
73,attempting
74,monetize
75,personally
76,identifiable
77,pii
78,total
79,target
80,impersonate
81,aforementioned
82,absher
83,represents
84,close
85,saudi
86,helps
87,employment
88,passports
89,civil
90,affairs
91,traffic
92,saudi
93,arabia
94,typically
95,homepage
96,display
97,absher
98,id
99,logging
100,intended
101,resource
102,typically
103,phishers
104,sell
105,underground
106,markets
107,impersonate
108,commit
109,actions
110,tricks
111,spoofing
112,disguise
113,combined
114,punycode
115,spoofing
116,typosquatting
117,sub
118,spoofing
119,slightly
120,misspelled
121,typosquatting
122,registers
123,confused
124,incorporating
125,hard
126,spot
127,spelling
128,grammatical
129,errors
130,subdomain
131,spoofing
132,alternative
133,tlds
134,near
135,identical
136,gov
137,sa
138,suffix
139,punycode
140,masquerade
141,punycode
142,representing
143,international
144,local
145,characters
146,normally
147,limited
148,letters
149,hyphens
150,supported
151,dns
152,saudi
153,arabia
154,absher
155,located
156,underneath
157,www
158,moi
159,gov
160,sa
161,appropriated
162,absher
163,typosquatting
164,misspellings
165,wrong
166,tlds
167,abshr
168,xyz
169,wrong
170,tlds
171,absher
172,space
173,moving
174,forward
175,expect
176,targeting
177,saudi
178,government
179,email
180,message
181,online
182,government
183,portals
184,offering
185,citizen
186,remain
187,attractive
188,targets
189,store
190,vast
191,amounts
192,centralized
193,location
194,resale
195,underground
196,markets
197,commit
198,actions
199,identity
200,theft
